id,anon_name,categories,city,city_imputed,synthetic,price_from_kzt,price_imputed,event_formats,languages,max_hours,busy_dates,description
HK-39372,Тони Тони Чоппер,Флорист,Алматы,False,False,200000,True,свадьба|корпоратив|конференция|юбилей,русский,,2026-09-25|2026-09-30|2026-10-01|2026-10-02|2026-10-03|2026-10-06|2026-10-07|2026-10-08|2026-10-14|2026-10-16|2026-10-17|2026-10-21|2026-10-22|2026-10-23|2026-10-24|2026-10-25|2026-10-27|2026-11-05|2026-11-06|2026-11-12|2026-11-14|2026-11-19|2026-11-21|2026-11-22|2026-11-23|2026-11-24|2026-11-25|2026-11-27|2026-11-29|2026-12-03|2026-12-04|2026-12-05|2026-12-06|2026-12-07|2026-12-08|2026-12-09|2026-12-10|2026-12-12|2026-12-13|2026-12-14|2026-12-15|2026-12-17|2026-12-18|2026-12-20|2026-12-21|2026-12-22|2026-12-23|2026-12-24|2026-12-25|2026-12-27|2026-12-30|2026-12-31,"Мы специализируемся на авторском цветочном оформлении и флористике для мероприятий в Алматы. Ежемесячно реализуем более 1000 заказов. Среди наших клиентов и партнёров: SkyLumen, CoffeeNoir, Trickster Café, Suisei Water, Curly Sensei, Hoshizora, Банк «Sakura Credit». Также выполняли оформление для Hotel Akatsuki, Fuyuki Grand и Atelier Sakura."
HK-44733,Буллма,Ведущий,Алматы,False,False,1000000,False,корпоратив|конференция|юбилей|день рождения,русский|английский,6,2026-09-23|2026-09-25|2026-09-28|2026-10-01|2026-10-03|2026-10-04|2026-10-07|2026-10-10|2026-10-21|2026-10-23|2026-10-24|2026-10-25|2026-10-26|2026-10-30|2026-10-31|2026-11-01|2026-11-04|2026-11-07|2026-11-08|2026-11-11|2026-11-12|2026-11-20|2026-11-22|2026-11-23|2026-11-25|2026-11-28|2026-11-29|2026-12-03|2026-12-05|2026-12-06|2026-12-07|2026-12-10|2026-12-11|2026-12-12|2026-12-14|2026-12-15|2026-12-16|2026-12-17|2026-12-19|2026-12-20|2026-12-21|2026-12-22|2026-12-23|2026-12-24|2026-12-25|2026-12-26|2026-12-27|2026-12-29|2026-12-31,"Ведущий мероприятий с опытом работы более 10 лет. Стиль ведения интеллигентный, не напряжный, атмосферный. Веду как ламповые вечера от 8 человек, так и крупные бизнес форумы на 3000 человек. Всегда стараюсь наполнить вечер чем-то особенным, эксклюзивным. Языки ведения: Русский, Английский Крупные проекты, в которых был ведущим:Sakura Fondo Championship (Международная велогонка), Aoi Mix Event Almaty (международный конкурс по перманентному макияжу), NEXT MBA (3000 чел), Halloween и Новый год и Юбилей компании RideKaze(1000+ человек), Выпускной ReDawn 2.0 (Наруто Удзумаки, Тандзиро Камадо, Гон Фрикс), DemonWing jump&freez, DemonWing king of the rock, DemonWing Neymar’s five, Ryo Finance Day (400+ человек), TechnoLeaf partners day, Hoshi workshop Antalya, Hoshi workshop Sharm el sheikh, Наурыз в Маями (Флорида) 600+ человек"
HK-80581,Санджи Виндсмок,Ведущий,Астана,False,False,800000,False,свадьба|той|корпоратив|юбилей,русский|казахский,8,2026-09-25|2026-09-27|2026-10-02|2026-10-04|2026-10-07|2026-10-09|2026-10-10|2026-10-11|2026-10-13|2026-10-14|2026-10-16|2026-10-17|2026-10-18|2026-10-25|2026-10-26|2026-10-28|2026-10-29|2026-11-03|2026-11-08|2026-11-09|2026-11-13|2026-11-15|2026-11-16|2026-11-17|2026-11-20|2026-11-21|2026-11-25|2026-11-26|2026-11-27|2026-11-28|2026-11-29|2026-12-03|2026-12-04|2026-12-06|2026-12-11|2026-12-12|2026-12-14|2026-12-15|2026-12-16|2026-12-17|2026-12-18|2026-12-19|2026-12-20|2026-12-21|2026-12-23|2026-12-24|2026-12-25|2026-12-26|2026-12-27|2026-12-28|2026-12-29|2026-12-30|2026-12-31,"Коротко обо мне: •Веду разно форматные мероприятия для тех кто ценит стиль, комфорт, персональный и креативный подход •Вхожу в Топ лучших ведущих Казахстана по версии AniWed KZ •Резидент клуба импровизаторов Improv Konoha •Обладаю приятным тембром голоса и владею вокалом •без вредных привычек, телосложение спортивное •Женат. Есть двое детей… опыт управления хаосом — профессиональный! •Благодаря своему опыту могу найти общий язык практически с любой публикой •В арсенале большое количество проведенных событий, для людей различного рода деятельности и статуса: от блогеров миллионников до политических деятелей первой величины, от фрилансеров-ремесленников до бизнесменов ультра-класса."
HK-88430,Куррапика,Ведущий,Алматы,False,False,500000,False,корпоратив|конференция|юбилей,русский,6,2026-09-23|2026-09-24|2026-09-25|2026-09-27|2026-10-02|2026-10-04|2026-10-08|2026-10-11|2026-10-15|2026-10-17|2026-10-18|2026-10-19|2026-10-20|2026-10-23|2026-10-27|2026-10-28|2026-10-29|2026-10-31|2026-11-01|2026-11-02|2026-11-05|2026-11-06|2026-11-08|2026-11-11|2026-11-12|2026-11-13|2026-11-14|2026-11-16|2026-11-18|2026-11-20|2026-11-26|2026-11-28|2026-12-01|2026-12-02|2026-12-03|2026-12-04|2026-12-05|2026-12-06|2026-12-07|2026-12-10|2026-12-11|2026-12-12|2026-12-13|2026-12-14|2026-12-16|2026-12-18|2026-12-19|2026-12-20|2026-12-21|2026-12-23|2026-12-24|2026-12-26|2026-12-27|2026-12-28|2026-12-30|2026-12-31,"Я, Куррапика — профессиональный ведущий мероприятий с современным подходом и тонким чувством аудитории. Обладаю харизмой, грамотной речью и умею создавать живую, динамичную атмосферу на любом событии. Специализируюсь на проведении корпоративных мероприятий, торжеств и деловых встреч. Уверенно удерживаю внимание гостей, чувствую настроение зала и легко адаптируюсь под формат и уровень события. Мой стиль — это сочетание интеллигентного юмора, четкой организации и высокого уровня ответственности. Мне доверяют проведение самых важных и значимых мероприятий."
HK-58385,Крилин,Ведущий,Астана,False,False,700000,False,корпоратив|день рождения|юбилей,русский,6,2026-09-27|2026-09-29|2026-09-30|2026-10-02|2026-10-03|2026-10-09|2026-10-10|2026-10-14|2026-10-15|2026-10-16|2026-10-17|2026-10-24|2026-10-26|2026-10-31|2026-11-03|2026-11-06|2026-11-07|2026-11-09|2026-11-13|2026-11-14|2026-11-19|2026-11-20|2026-11-22|2026-11-23|2026-11-25|2026-11-28|2026-12-01|2026-12-03|2026-12-04|2026-12-05|2026-12-06|2026-12-07|2026-12-08|2026-12-09|2026-12-10|2026-12-11|2026-12-12|2026-12-14|2026-12-15|2026-12-16|2026-12-18|2026-12-20|2026-12-21|2026-12-22|2026-12-24|2026-12-25|2026-12-26|2026-12-29|2026-12-30|2026-12-31,"Крилин — ведущий, который превращает мероприятие в живое шоу. Финалист лиги AniHumor 2016 (студийный конкурс юмора), двухкратный победитель «Шоу Ghibli Импровизация», обладатель премии «Прорыв года 2025» и ТОП-6 лучших ведущих Казахстана по версии AniWed KZ, а также резидент творческого объединения SakuraLab. Его стиль — это энергия сцены, интеллектуальный юмор и мощная импровизация. Без шаблонов и банальных конкурсов — креативный подход , живой диалог с гостями, настоящие эмоции и атмосфера, в которой каждый человек в зале становится частью происходящего. Крилин тонко чувствует аудиторию и управляет динамикой вечера, легко объединяя разные поколения гостей. Даже самые скромные начинают улыбаться, участвовать и вовлекаться в праздник. Яркая харизма, лёгкая дерзость и современный формат ведения превращают каждое мероприятие не просто в программу, а в эмоциональный опыт, который гости вспоминают ещё долго после окончания вечера. Именно поэтому события с Крилином запоминаются не только сценарием, но и настоящими эмоциями людей. Если вам нужен тихий, формальный вечер — возможно, мы не подойдём друг другу. Но если вы хотите событие, которое гости будут вспоминать годами — вам нужен Крилин."
HK-42352,Эмилия,Ведущий,Алматы,False,False,900000,True,свадьба|той,русский|казахский,10,2026-09-24|2026-09-26|2026-10-02|2026-10-03|2026-10-04|2026-10-08|2026-10-10|2026-10-12|2026-10-16|2026-10-18|2026-10-21|2026-10-27|2026-10-30|2026-11-01|2026-11-08|2026-11-09|2026-11-10|2026-11-11|2026-11-17|2026-11-20|2026-11-21|2026-11-22|2026-11-23|2026-11-25|2026-11-26|2026-12-03|2026-12-04|2026-12-05|2026-12-06|2026-12-07|2026-12-09|2026-12-10|2026-12-11|2026-12-13|2026-12-15|2026-12-17|2026-12-18|2026-12-19|2026-12-21|2026-12-22|2026-12-23|2026-12-24|2026-12-25|2026-12-26|2026-12-28|2026-12-29|2026-12-30,"Опыт ведения свадеб 13 лет Вел свадьбы в Алматы, Москве, Дубае, Бодруме, Ташкенте Статистика: 356 свадеб, 0 разводов К каждой свадьбе мы с командой подходим ответственно, изучаем пару, гостей и делаем все, чтобы этот день запомнился всем на всю жизнь."
HK-37181,Нами,Ведущий,Астана,False,False,800000,False,корпоратив|конференция|свадьба|юбилей,русский|казахский,8,2026-09-24|2026-09-25|2026-09-26|2026-10-02|2026-10-05|2026-10-06|2026-10-09|2026-10-10|2026-10-11|2026-10-12|2026-10-13|2026-10-17|2026-10-19|2026-10-22|2026-10-24|2026-10-25|2026-10-26|2026-10-27|2026-10-29|2026-10-31|2026-11-02|2026-11-03|2026-11-04|2026-11-08|2026-11-11|2026-11-13|2026-11-17|2026-11-20|2026-11-22|2026-11-23|2026-11-24|2026-11-25|2026-11-26|2026-11-29|2026-12-01|2026-12-02|2026-12-04|2026-12-05|2026-12-06|2026-12-07|2026-12-08|2026-12-09|2026-12-14|2026-12-16|2026-12-17|2026-12-18|2026-12-21|2026-12-22|2026-12-23|2026-12-24|2026-12-25|2026-12-26|2026-12-27|2026-12-29|2026-12-30|2026-12-31,"«ДОРОГУ ОСИЛИТ ИДУЩИЙ, А ПРОВОДЫ ОСИЛИТ ВЕДУЩИЙ!» ВСЕМ ПРИВЕТ! МЕНЯ ЗОВУТ НАМИ…., И ДА, ЭТО МОЕ НАСТОЯЩЕЕ ОТЧЕСТВО – НИКОЛАЕВИЧ! ВЕДУ МЕРОПРИЯТИЯ УЖЕ БОЛЕЕ 15 ЛЕТ. ОСНОВНЫЕ СТИЛИ ВЕДЕНИЯ МЕРОПРИЯТИЙ – ДИНАМИКА, ИМПРОВИЗАЦИЯ, ИНТЕРАКТИВЫ. Я НЕ ШУЧУ НАД ЧЕЛОВЕКОМ, Я ШУЧУ ВОКРУГ ЧЕЛОВЕКА ПРОВОДИЛ ЗАКРЫТЫЕ И ОТКРЫТЫЕ ИВЕНТЫ, С УЧАСТИЕМ ПЕРВЫХ ЛИЦ ГОСУДАРСТВА. СТАРАЮСЬ К КАЖДОМУ МЕРОПРИЯТИЮ ПОДХОДИТЬ С АВТОРСКИМ СЦЕНАРИЕМ И АДРЕСНЫМИ КОНКУРСАМИ. ЛЮБИМОЕ ВЫРАЖЕНИЕ — «ДЕРЖИТЕ НОГИ В ТЕПЛЕ, А ГОЛОВУ В ПОЗИТИВЕ!»"
HK-26808,Идзуку Мидория,Ведущий,Астана,False,False,600000,True,свадьба|той|юбилей,русский|казахский,8,2026-09-24|2026-09-25|2026-09-26|2026-09-27|2026-09-28|2026-09-30|2026-10-01|2026-10-02|2026-10-04|2026-10-09|2026-10-15|2026-10-16|2026-10-17|2026-10-21|2026-10-23|2026-10-24|2026-10-30|2026-10-31|2026-11-04|2026-11-05|2026-11-06|2026-11-07|2026-11-10|2026-11-11|2026-11-13|2026-11-17|2026-11-20|2026-11-22|2026-11-23|2026-11-24|2026-11-29|2026-11-30|2026-12-01|2026-12-03|2026-12-05|2026-12-09|2026-12-10|2026-12-11|2026-12-12|2026-12-13|2026-12-15|2026-12-16|2026-12-17|2026-12-18|2026-12-19|2026-12-20|2026-12-21|2026-12-22|2026-12-24|2026-12-25|2026-12-28|2026-12-29|2026-12-30|2026-12-31,Финалист премии AniWed Awards KZ ’23 Резидент авторской группы «SakuraLab» Ведущий проекта «3 Момо» Организатор и ведущий интенсива «AniWed Pro» Участник международной конференции «AnimeTime» Сценарист команды КВН Высшей лиги Резидент и основатель клуба «Ghibli Stand-Up» Отец самой красивой девочки на свете
HK-76268,Сацуки Кусакабэ,Фотограф,Алматы,False,False,200000,False,свадьба|той,русский,10,2026-09-23|2026-09-25|2026-09-27|2026-09-29|2026-10-01|2026-10-02|2026-10-03|2026-10-04|2026-10-05|2026-10-06|2026-10-08|2026-10-10|2026-10-13|2026-10-17|2026-10-20|2026-10-24|2026-10-27|2026-10-31|2026-11-01|2026-11-02|2026-11-03|2026-11-06|2026-11-07|2026-11-08|2026-11-13|2026-11-15|2026-11-17|2026-11-21|2026-11-23|2026-11-25|2026-11-29|2026-11-30|2026-12-01|2026-12-02|2026-12-03|2026-12-05|2026-12-06|2026-12-08|2026-12-09|2026-12-11|2026-12-13|2026-12-14|2026-12-15|2026-12-16|2026-12-17|2026-12-18|2026-12-19|2026-12-20|2026-12-21|2026-12-22|2026-12-23|2026-12-24|2026-12-25|2026-12-27|2026-12-28|2026-12-29|2026-12-30,"Привет! Я Сацуки Кусакабэ — свадебный фотограф. Снимаю в Алмате и Астане. Вхожу в топ 5 Алматы по версии AniWed Rating. Люблю живые кадры, настоящие улыбки и моменты, которые невозможно повторить."
HK-10990,Тодороки Шото,Видеограф,Астана,False,False,400000,False,свадьба,русский|английский,12,2026-09-23|2026-09-28|2026-09-29|2026-10-05|2026-10-07|2026-10-08|2026-10-16|2026-10-17|2026-10-24|2026-10-27|2026-10-29|2026-11-07|2026-11-08|2026-11-09|2026-11-10|2026-11-11|2026-11-14|2026-11-15|2026-11-19|2026-11-25|2026-11-27|2026-11-28|2026-12-01|2026-12-03|2026-12-06|2026-12-07|2026-12-09|2026-12-10|2026-12-11|2026-12-13|2026-12-15|2026-12-16|2026-12-17|2026-12-18|2026-12-19|2026-12-20|2026-12-21|2026-12-22|2026-12-24|2026-12-25|2026-12-26|2026-12-28|2026-12-30|2026-12-31,"TODOROKI SHOTO WEDDING VIDEOGRAPHER -colorist of the year 2025 🏆 Считаю себя счастливым человеком, так как любимое занятие стало делом моей жизни. Больше всего в съёмке я ценю слаженную работу в команде, где все ориентированы на качественный результат, полностью отдаваясь процессу. А качественным результатом считаю благодарные отзывы моих пар и собственное удовлетворение от проделанной работы."
HK-61323,Тэммари Собаку,Фотограф,Астана,False,False,250000,True,свадьба|той,русский|казахский,12,2026-09-27|2026-09-28|2026-09-30|2026-10-04|2026-10-06|2026-10-11|2026-10-13|2026-10-14|2026-10-16|2026-10-17|2026-10-19|2026-10-23|2026-10-25|2026-10-26|2026-11-01|2026-11-03|2026-11-05|2026-11-15|2026-11-16|2026-11-20|2026-11-21|2026-11-23|2026-11-27|2026-11-28|2026-11-29|2026-12-02|2026-12-03|2026-12-05|2026-12-06|2026-12-07|2026-12-08|2026-12-09|2026-12-10|2026-12-11|2026-12-12|2026-12-14|2026-12-16|2026-12-17|2026-12-18|2026-12-19|2026-12-20|2026-12-21|2026-12-22|2026-12-26|2026-12-27|2026-12-28|2026-12-29,"Приветствую меня зовут Тэммари Собаку. Я свадебный фотограф. Последние годы больше внимание уделяю таким жанрам, как свадебный фотожурнализм, документально — свадебный фотожурнализм. При слиянии этих жанров создаются уникальные и волнующие фотографии для каждой пары . Молодожёнам предлагаю их особенную историю и стараюсь сохранить самые искренние эмоции. Если у вас нет опыта в сьемках , я научу, как свободно чувствовать себя перед камерой и получить удовольствие от съемки. С моим видением подчеркну вашу творческую способность . Я гарантирую креативность и индивидуальность , потому как занимаюсь любимым делом. Креативность и индивидуальность — важные аспекты моем любимом деле."
HK-74914,Киллуа Золдик,Видеограф,Астана,False,False,300000,False,свадьба|той,русский|казахский,12,2026-09-23|2026-09-25|2026-09-26|2026-09-28|2026-09-30|2026-10-02|2026-10-06|2026-10-07|2026-10-09|2026-10-11|2026-10-15|2026-10-16|2026-10-17|2026-10-18|2026-10-19|2026-10-23|2026-10-24|2026-10-25|2026-10-27|2026-10-28|2026-11-01|2026-11-02|2026-11-03|2026-11-05|2026-11-07|2026-11-08|2026-11-09|2026-11-12|2026-11-14|2026-11-15|2026-11-17|2026-11-28|2026-11-29|2026-11-30|2026-12-01|2026-12-02|2026-12-03|2026-12-04|2026-12-05|2026-12-06|2026-12-08|2026-12-09|2026-12-10|2026-12-12|2026-12-13|2026-12-14|2026-12-15|2026-12-18|2026-12-20|2026-12-21|2026-12-24|2026-12-25|2026-12-28|2026-12-29|2026-12-30|2026-12-31,Я свадебный видеограф из Астаны. Работаю по всему Казахстану. Снимаю с душой и ради удовольствия.
HK-30583,Леорио Паради,Фотограф,Алматы,False,False,350000,False,свадьба|корпоратив|конференция,русский|английский,8,2026-09-23|2026-09-27|2026-10-02|2026-10-03|2026-10-11|2026-10-15|2026-10-17|2026-10-22|2026-10-24|2026-10-25|2026-10-30|2026-11-01|2026-11-06|2026-11-07|2026-11-11|2026-11-14|2026-11-15|2026-11-16|2026-11-17|2026-11-21|2026-11-22|2026-11-24|2026-11-25|2026-12-03|2026-12-06|2026-12-09|2026-12-10|2026-12-11|2026-12-12|2026-12-13|2026-12-15|2026-12-16|2026-12-17|2026-12-18|2026-12-19|2026-12-20|2026-12-21|2026-12-22|2026-12-23|2026-12-24|2026-12-26|2026-12-27|2026-12-28|2026-12-29|2026-12-30|2026-12-31,"Всем привет. Меня зовут Леорио. Являюсь свадебным фотографом. Работаю в Алматы и по всему миру. Очень часто снимаю и в Астане. Эстетика, атмосфера, детали — это все про меня. География моих съемок: Франция(fashion week), Италия, Великобритания, Турция, Грузия, ОАЭ, Азербайджан и тд. Помимо свадеб снимаю и концерты, имею такие кейсы как: MC Kaze, Crimson Peas, Ray Nova, IL Sora, Sakura Sterling, Yumeko, Kaze Khalib, Tengri Bek, Baku Star, RiverSound, Aiyar Ray, Miras Hoshi. До встречи и на ваших меропориятиях! aniportfolio.kz"
HK-97737,Фэй Валентайн,Фотограф,Астана,False,False,200000,False,свадьба|день рождения|юбилей,русский,8,2026-09-24|2026-09-26|2026-09-28|2026-09-30|2026-10-06|2026-10-15|2026-10-16|2026-10-19|2026-10-21|2026-10-22|2026-10-27|2026-10-30|2026-11-03|2026-11-05|2026-11-06|2026-11-07|2026-11-18|2026-11-20|2026-11-21|2026-11-24|2026-11-27|2026-11-28|2026-12-01|2026-12-02|2026-12-05|2026-12-07|2026-12-08|2026-12-09|2026-12-11|2026-12-12|2026-12-13|2026-12-14|2026-12-15|2026-12-17|2026-12-18|2026-12-19|2026-12-20|2026-12-21|2026-12-23|2026-12-24|2026-12-25|2026-12-26|2026-12-27|2026-12-29|2026-12-30|2026-12-31,"Я — свадебный профессиональный фотограф из Астаны. Снимаю с душой и вниманием к деталям, чтобы вы могли сохранить самые важные моменты своей жизни в кадре. Специализируюсь на свадебной и семейной съёмке, love story, мероприятиях и портретных фотосессиях. Работаю как в студии, так и на выездных локациях, создавая фотографии с живыми эмоциями и атмосферой. Каждая съёмка — это история, которую я помогаю вам рассказать. Индивидуальный подход, качественная обработка и комфортная съёмочная атмосфера — мой стандарт в работе. Готов обсудить ваши идеи и создать для вас красивые, искренние и запоминающиеся кадры."
HK-98562,Какаши Хатаке,Фотограф,Астана,False,False,200000,False,свадьба|юбилей,русский,10,2026-09-23|2026-09-25|2026-09-26|2026-09-27|2026-09-28|2026-09-30|2026-10-03|2026-10-08|2026-10-16|2026-10-29|2026-11-01|2026-11-02|2026-11-04|2026-11-05|2026-11-11|2026-11-14|2026-11-15|2026-11-18|2026-11-20|2026-11-26|2026-11-27|2026-12-02|2026-12-03|2026-12-04|2026-12-05|2026-12-06|2026-12-09|2026-12-10|2026-12-11|2026-12-12|2026-12-13|2026-12-14|2026-12-16|2026-12-18|2026-12-19|2026-12-20|2026-12-21|2026-12-23|2026-12-24|2026-12-25|2026-12-26|2026-12-27|2026-12-28|2026-12-29|2026-12-30,"Я — свадебный фотограф, который работает с эстетикой, эмоциями и деталями. Сняла более 80 мероприятий — от камерных мероприятий до масштабных свадеб. Для меня важно не просто «красиво», а чтобы через 10 лет вы открыли фотографии и снова почувствовали этот день. Я помогаю невестам выглядеть естественно и уверенно даже без модельного опыта — направляю, подсказываю позирование и создаю спокойную атмосферу в кадре. Люблю путешествовать и легко выезжаю на съёмки в другие города и страны. Каждая съёмка — это индивидуальный подход и внимание к истории пары."
HK-53108,Альфонс Элрик,Фотограф,Алматы,False,False,300000,True,свадьба|день рождения,русский|английский,6,2026-09-23|2026-09-24|2026-09-25|2026-09-27|2026-09-28|2026-10-04|2026-10-05|2026-10-07|2026-10-09|2026-10-11|2026-10-13|2026-10-14|2026-10-16|2026-10-22|2026-10-30|2026-10-31|2026-11-04|2026-11-08|2026-11-09|2026-11-11|2026-11-14|2026-11-15|2026-11-17|2026-11-18|2026-11-19|2026-11-22|2026-11-26|2026-11-28|2026-11-30|2026-12-03|2026-12-04|2026-12-05|2026-12-06|2026-12-07|2026-12-08|2026-12-09|2026-12-10|2026-12-12|2026-12-13|2026-12-14|2026-12-15|2026-12-16|2026-12-17|2026-12-19|2026-12-20|2026-12-21|2026-12-22|2026-12-24|2026-12-25|2026-12-26|2026-12-28|2026-12-29|2026-12-30,"Меня зовут Альфонс Элрик. Я фотограф и уже около семи лет я ловлю моменты, которые обычно проходят незаметно. Я снимал в разных городах и странах — Париже, Дубае, Москве, Китае. Но география для меня не так важна, как чувства, свет и тишина внутри кадра."
HK-11484,Уинри Рокбелл,Декоратор,Алматы,False,False,2000000,False,свадьба|юбилей|корпоратив,русский|английский,,2026-09-25|2026-09-27|2026-10-04|2026-10-05|2026-10-12|2026-10-13|2026-10-16|2026-10-17|2026-10-18|2026-10-22|2026-10-23|2026-10-24|2026-10-25|2026-10-30|2026-11-01|2026-11-02|2026-11-03|2026-11-09|2026-11-10|2026-11-12|2026-11-13|2026-11-14|2026-11-15|2026-11-17|2026-11-19|2026-11-27|2026-11-29|2026-12-01|2026-12-02|2026-12-04|2026-12-07|2026-12-08|2026-12-09|2026-12-12|2026-12-13|2026-12-14|2026-12-16|2026-12-17|2026-12-18|2026-12-19|2026-12-20|2026-12-21|2026-12-22|2026-12-23|2026-12-25|2026-12-26|2026-12-28|2026-12-29|2026-12-30|2026-12-31,"Casa Yuki Lusso — студия авторского декора мероприятий. Более 5 лет создаём концепции свадеб, юбилеев и корпоративных событий премиум-уровня. Работаем под ключ: от идеи и эскиза до монтажа и финальной реализации. Каждый проект — индивидуальная концепция, отражающая стиль и статус клиента. Наш приоритет — эстетика, точность исполнения и вау-эффект. индивидуальные концепции под клиента авторские эскизы перед реализацией собственное производство конструкций работа под ключ без стресса для клиента опыт крупных проектов и масштабных площадок"
HK-97041,Тэнъя Иида,Ведущий,Астана,False,False,1000000,False,свадьба|той|корпоратив,казахский|русский,10,2026-09-24|2026-09-25|2026-09-26|2026-09-28|2026-09-30|2026-10-02|2026-10-07|2026-10-10|2026-10-11|2026-10-12|2026-10-14|2026-10-20|2026-10-21|2026-10-27|2026-10-28|2026-10-30|2026-10-31|2026-11-07|2026-11-08|2026-11-09|2026-11-12|2026-11-13|2026-11-16|2026-11-18|2026-11-24|2026-11-25|2026-11-27|2026-11-29|2026-11-30|2026-12-02|2026-12-03|2026-12-05|2026-12-06|2026-12-08|2026-12-10|2026-12-11|2026-12-12|2026-12-13|2026-12-14|2026-12-17|2026-12-18|2026-12-19|2026-12-20|2026-12-21|2026-12-22|2026-12-23|2026-12-24|2026-12-25|2026-12-26|2026-12-27|2026-12-28|2026-12-30|2026-12-31,"Тэнъя ведёт 12 лет на каз/рус языках , современно, интеллигентно , с юмором ! TOP 7 лучших ведущих KZ по мнению @aniwed.kz.Так же является резидентом школы Ведущих в г.Челябинск , г.Москва."
HK-60927,Нико Робин,Подарки и сувениры,Алматы,False,False,150000,True,свадьба|корпоратив|юбилей|день рождения,русский,,2026-09-24|2026-09-27|2026-09-28|2026-09-30|2026-10-01|2026-10-04|2026-10-07|2026-10-09|2026-10-10|2026-10-11|2026-10-18|2026-10-20|2026-10-21|2026-10-25|2026-10-28|2026-10-29|2026-10-30|2026-11-02|2026-11-03|2026-11-04|2026-11-06|2026-11-07|2026-11-11|2026-11-14|2026-11-18|2026-11-19|2026-11-23|2026-11-26|2026-11-27|2026-11-29|2026-12-01|2026-12-02|2026-12-03|2026-12-04|2026-12-05|2026-12-06|2026-12-07|2026-12-08|2026-12-09|2026-12-10|2026-12-13|2026-12-15|2026-12-16|2026-12-17|2026-12-19|2026-12-22|2026-12-23|2026-12-25|2026-12-26|2026-12-27|2026-12-28|2026-12-29|2026-12-30|2026-12-31,"Konpeito Craft — производство леденцов без сахара с индивидуальным дизайном для ваших значимых событий. Бренд создаёт не просто сладости, а маленькие детали, которые делают праздник ещё более запоминающимся: леденцы с именами, датами, фотографиями, логотипами и персональными надписями. Каждый заказ изготавливается индивидуально под концепцию мероприятия. В основе продукции — немецкий изомальт, который используется в европейской кондитерской индустрии как альтернатива сахару. Такие леденцы не вызывают резких скачков глюкозы и подходят людям, контролирующим питание. Konpeito Craft подойдут для: — свадеб и love story — детских праздников — корпоративных мероприятий — welcome box и подарков гостям — брендированных событий и презентаций Минимальный заказ — от 15 штук. Доступны различные размеры, формы и полностью персонализированный дизайн под ваш ивент."
HK-62242,Юдзи Итадори,Видеограф,Алматы,False,False,500000,False,свадьба|корпоратив,русский|английский,10,2026-09-24|2026-09-26|2026-09-27|2026-09-28|2026-10-01|2026-10-02|2026-10-04|2026-10-09|2026-10-11|2026-10-13|2026-10-14|2026-10-16|2026-10-20|2026-10-23|2026-10-26|2026-10-28|2026-10-29|2026-10-30|2026-10-31|2026-11-06|2026-11-08|2026-11-16|2026-11-17|2026-11-19|2026-11-20|2026-11-22|2026-11-23|2026-11-24|2026-11-26|2026-11-28|2026-11-29|2026-12-01|2026-12-02|2026-12-03|2026-12-04|2026-12-05|2026-12-10|2026-12-12|2026-12-13|2026-12-14|2026-12-15|2026-12-16|2026-12-17|2026-12-18|2026-12-19|2026-12-20|2026-12-22|2026-12-24|2026-12-25|2026-12-26|2026-12-27|2026-12-28|2026-12-31,"Юдзи — свадебный видеограф с авторским взглядом и международной практикой. За 2 года она вошла в топ-3 видеографов страны по версии AniWed KZ, стала победителем в номинации «Лучший репортажный видеограф» фестиваля Sakura Frame Fest, организовала собственные ивент-проекты и прошла обучение у ведущих специалистов индустрии. Его география съёмок не ограничена — Юдзи работал в Японии, Италии, Грузии, Дубае, Москве и Казахстане. Её видео — это не просто фиксация событий, а субъективное, эмоциональное прочтение момента, где звук, ритм и атмосфера становятся языком чувств. С ней работают клиенты, которые ценят глубину, искренность и живые эмоции."
HK-44923,Мицури Канроджи,Ведущий,Алматы,False,False,650000,False,свадьба|юбилей|корпоратив,русский,8,2026-09-24|2026-09-26|2026-09-29|2026-10-02|2026-10-03|2026-10-04|2026-10-05|2026-10-08|2026-10-09|2026-10-10|2026-10-17|2026-10-19|2026-10-20|2026-10-23|2026-10-24|2026-10-25|2026-10-27|2026-10-29|2026-11-03|2026-11-04|2026-11-05|2026-11-08|2026-11-09|2026-11-10|2026-11-16|2026-11-17|2026-11-20|2026-11-25|2026-11-28|2026-12-01|2026-12-02|2026-12-05|2026-12-06|2026-12-07|2026-12-08|2026-12-09|2026-12-10|2026-12-11|2026-12-12|2026-12-13|2026-12-14|2026-12-15|2026-12-16|2026-12-17|2026-12-18|2026-12-19|2026-12-20|2026-12-21|2026-12-24|2026-12-28|2026-12-29,"Приветствую всех, дорогие друзья! Меня зовут Мицури Канроджи – я профессиональный ведущий и сценарист. Обращаясь ко мне, вы можете не сомневаться, мы учтём все ваши пожелания. Вместе с вами мы разработаем ОРИГИНАЛЬНЫЙ сценарий, согласуем все нюансы и сделаем для вас настоящий праздник! именно таким каким вы его видите! Что вас ждёт: • Разработанный ТОЛЬКО для Вас сценарий • Импровизация, живой интеллигентный юмор • Современные интерактивы, креативные идеи • Динамичный праздник без шаблонов и банальностей • DJ и современная танцевальная музыка и мультимедийное оборудование •Связь со мной 247, помощь и поддержка Для Вашего комфорта заключаем договор Более подробную информацию вы можете узнать, связавшись со мной по телефону. С Уважением, Мицури Канроджи"
HK-91112,Мэгуми Фушигуро,Фотограф,Алматы,False,False,300000,False,свадьба,русский,10,2026-09-24|2026-09-26|2026-09-27|2026-09-30|2026-10-03|2026-10-05|2026-10-09|2026-10-10|2026-10-11|2026-10-13|2026-10-14|2026-10-22|2026-10-23|2026-10-27|2026-10-31|2026-11-03|2026-11-05|2026-11-08|2026-11-12|2026-11-16|2026-11-22|2026-11-27|2026-11-30|2026-12-01|2026-12-02|2026-12-03|2026-12-04|2026-12-05|2026-12-06|2026-12-07|2026-12-08|2026-12-09|2026-12-10|2026-12-11|2026-12-12|2026-12-15|2026-12-17|2026-12-18|2026-12-19|2026-12-20|2026-12-21|2026-12-24|2026-12-25|2026-12-26|2026-12-29|2026-12-30|2026-12-31,"Я — свадебный фотограф с тонким чувством эстетики и эмоций. Моя сила не в «шаблонной красоте», а в умении видеть человека: взгляд, паузу, напряжение, нежность. Я хорошо чувствуешь настроение пары и умею подстраиваться под него, не ломая процесс. Мои кадры — не про позы, а про состояние. Мне важно, чтобы на фотографиях оставалась жизнь: взгляд, пауза, прикосновение, волнение. Я люблю честные эмоции, лёгкость и кадры с воздухом — когда фотография не кричит, а чувствуется. Чистоте кадра, лёгкость и визуальное дыхание — мне важно, чтобы фотография возвращала вас снова и снова в важный день вашей жизни. Я внимательна к деталям, людям и атмосфере дня. Для меня съёмка — это не просто работа, а проживание истории вместе с вами. Если вам близка живая, эстетичная и ненавязчивая фотография — мы точно совпадём."
HK-77793,Спайк Спигел,Ведущий церемонии,Алматы,False,False,200000,False,свадьба|той,казахский|русский,3,2026-09-23|2026-09-25|2026-09-30|2026-10-01|2026-10-02|2026-10-04|2026-10-05|2026-10-06|2026-10-07|2026-10-09|2026-10-11|2026-10-15|2026-10-17|2026-10-20|2026-10-25|2026-10-30|2026-11-06|2026-11-07|2026-11-08|2026-11-09|2026-11-10|2026-11-13|2026-11-14|2026-11-15|2026-11-18|2026-11-19|2026-11-24|2026-11-25|2026-11-26|2026-11-28|2026-12-01|2026-12-02|2026-12-03|2026-12-05|2026-12-06|2026-12-08|2026-12-09|2026-12-10|2026-12-11|2026-12-12|2026-12-13|2026-12-14|2026-12-15|2026-12-16|2026-12-17|2026-12-19|2026-12-20|2026-12-22|2026-12-23|2026-12-24|2026-12-25|2026-12-27,Ведущая и церемониймейстер Спайк Спигел! — Ведение на казахском и русском языках
HK-76335,Йор Форджер,Фотограф,Зарубежье,False,False,600000,False,корпоратив|конференция|свадьба,русский|английский,8,2026-09-23|2026-09-24|2026-09-26|2026-09-27|2026-09-28|2026-09-29|2026-10-01|2026-10-03|2026-10-04|2026-10-05|2026-10-06|2026-10-08|2026-10-09|2026-10-11|2026-10-15|2026-10-17|2026-10-19|2026-10-20|2026-10-22|2026-10-24|2026-10-29|2026-10-31|2026-11-01|2026-11-02|2026-11-12|2026-11-13|2026-11-14|2026-11-19|2026-11-20|2026-11-21|2026-11-23|2026-11-24|2026-11-25|2026-11-27|2026-12-01|2026-12-02|2026-12-03|2026-12-05|2026-12-06|2026-12-08|2026-12-09|2026-12-11|2026-12-12|2026-12-13|2026-12-14|2026-12-15|2026-12-16|2026-12-17|2026-12-18|2026-12-19|2026-12-21|2026-12-22|2026-12-25|2026-12-26|2026-12-27|2026-12-28|2026-12-29|2026-12-31,"Йор Форджер — профессиональный фотограф, работающий с событиями и частными мероприятиями. В её кадрах — живые эмоции, естественность и аккуратная эстетика, позволяющая сохранить атмосферу события и его ключевые моменты."
HK-20640,Шикамару Нара,Фотограф,Алматы,False,False,150000,False,день рождения|юбилей|корпоратив,русский,4,2026-09-25|2026-09-26|2026-09-29|2026-10-07|2026-10-08|2026-10-11|2026-10-12|2026-10-15|2026-10-17|2026-10-20|2026-10-25|2026-10-26|2026-10-31|2026-11-01|2026-11-05|2026-11-06|2026-11-07|2026-11-10|2026-11-14|2026-11-15|2026-11-19|2026-11-20|2026-11-22|2026-11-25|2026-11-27|2026-11-30|2026-12-01|2026-12-02|2026-12-03|2026-12-05|2026-12-06|2026-12-07|2026-12-08|2026-12-10|2026-12-11|2026-12-13|2026-12-14|2026-12-15|2026-12-16|2026-12-17|2026-12-18|2026-12-19|2026-12-21|2026-12-24|2026-12-25|2026-12-27|2026-12-28|2026-12-30,"Шикамару Нара — профессиональный фотограф, специализирующийся на съёмке событий и частных мероприятий. Его работы — это внимание к деталям, живые эмоции и аккуратная, эстетичная подача, которая сохраняет атмосферу события и его настроение."
HK-16628,Нобара Кугисаки,Фотограф,Алматы,False,False,600000,False,свадьба|корпоратив,русский|английский,12,2026-09-25|2026-09-26|2026-10-01|2026-10-09|2026-10-11|2026-10-16|2026-10-17|2026-10-18|2026-10-26|2026-10-28|2026-10-30|2026-10-31|2026-11-06|2026-11-07|2026-11-08|2026-11-14|2026-11-16|2026-11-20|2026-11-22|2026-11-23|2026-11-25|2026-11-28|2026-12-01|2026-12-02|2026-12-04|2026-12-05|2026-12-06|2026-12-08|2026-12-10|2026-12-11|2026-12-12|2026-12-14|2026-12-15|2026-12-16|2026-12-17|2026-12-19|2026-12-20|2026-12-21|2026-12-22|2026-12-24|2026-12-26|2026-12-27|2026-12-29|2026-12-30|2026-12-31,"Нобара Кугисаки — профессиональный фотограф с тонким чувством стиля и вниманием к деталям. Является свадебным и репортажным фотографом, умеет ловить живые эмоции и передавать атмосферу события через искренние, естественные кадры. Работает по всему Казахстану и за рубежом, создавая эстетичные и живые истории."
HK-68220,Рок Ли,Фотограф,Алматы,False,False,190000,False,свадьба|той|юбилей,русский|казахский,12,2026-09-24|2026-09-28|2026-09-30|2026-10-05|2026-10-06|2026-10-10|2026-10-12|2026-10-13|2026-10-14|2026-10-15|2026-10-16|2026-10-17|2026-10-19|2026-10-20|2026-10-27|2026-11-06|2026-11-08|2026-11-12|2026-11-16|2026-11-20|2026-11-22|2026-11-23|2026-11-28|2026-11-29|2026-12-01|2026-12-02|2026-12-04|2026-12-05|2026-12-06|2026-12-07|2026-12-08|2026-12-10|2026-12-11|2026-12-12|2026-12-14|2026-12-15|2026-12-16|2026-12-17|2026-12-18|2026-12-20|2026-12-21|2026-12-22|2026-12-24|2026-12-26|2026-12-28|2026-12-29|2026-12-31,"Рок Ли — один из лучших свадебных и репортажных фотографов в городе Алматы. Клиенты описывают как профессионала своего дела, ответственного и пунктуального. Он создает яркие, живые и красиво обработанные фотографии, а работа с ним оставляет только положительные эмоции, отмечают довольные молодожены, получившие снимки в обещанные сроки. Его стиль — это сочетание репортажной съемки(захват моментов) и постановочных кадров, а главная цель — передать атмосферу и эмоции дня свадьбы. Ключевые моменты: Профессионализм и качество: Высокие оценки за обработку и своеобразный стиль фотографий. Ответственность: Соблюдает сроки, пунктуален, надежен. Эмоциональность: Фотографии получаются живыми, яркими и передающими чувства и атмосферу. Опыт: он снимает не только свадьбы но и концерты. Он снимал концерты мировых звёзд как «Jenny Sakura», «Nicole Hoshi», рэпера «T.K.» Концерт «Тенгри Саунд» с 30 тыс зрителей. Снимал конкурсы красоты: «Miss AniStan 2023, 2025» и «Ару Sakura 2024» Пробуя себя в разных жанрах съемки, Рок Ли демонстрирует свои лучшие навыки не смотря на все трудности и припятствия."
HK-74147,Джет Блэк,Инструменталист,Алматы,False,False,500000,False,свадьба|корпоратив|юбилей,русский|английский,4,2026-09-24|2026-09-27|2026-10-04|2026-10-06|2026-10-11|2026-10-16|2026-10-18|2026-10-20|2026-10-22|2026-10-23|2026-10-26|2026-11-05|2026-11-06|2026-11-09|2026-11-11|2026-11-12|2026-11-14|2026-11-15|2026-11-20|2026-11-24|2026-11-27|2026-11-28|2026-12-01|2026-12-02|2026-12-03|2026-12-04|2026-12-05|2026-12-06|2026-12-09|2026-12-10|2026-12-11|2026-12-12|2026-12-13|2026-12-14|2026-12-15|2026-12-16|2026-12-19|2026-12-20|2026-12-21|2026-12-22|2026-12-24|2026-12-26|2026-12-27|2026-12-30|2026-12-31,"Инуяша и Кагоме — музыкальный дуэт премиум-класса, инструменталисты с тонким чувством стиля и атмосферы. Они исполняют ваши любимые композиции, создавая изысканное музыкальное сопровождение для свадеб, корпоративов, юбилеев, концертов и частных событий. Музыка Инуяши и Кагомэ — это вкус, эмоция и элегантность в каждом звучании."
HK-35913,Тохру,Фотограф,Алматы,False,False,400000,True,корпоратив|конференция,русский|английский,10,2026-09-24|2026-09-25|2026-09-26|2026-09-30|2026-10-10|2026-10-20|2026-10-25|2026-10-26|2026-10-27|2026-10-28|2026-10-29|2026-11-01|2026-11-02|2026-11-04|2026-11-06|2026-11-09|2026-11-13|2026-11-14|2026-11-16|2026-11-18|2026-11-19|2026-11-20|2026-11-21|2026-11-22|2026-11-27|2026-11-28|2026-11-29|2026-12-01|2026-12-03|2026-12-04|2026-12-05|2026-12-06|2026-12-07|2026-12-08|2026-12-10|2026-12-11|2026-12-12|2026-12-13|2026-12-14|2026-12-15|2026-12-16|2026-12-22|2026-12-23|2026-12-24|2026-12-26|2026-12-27|2026-12-28|2026-12-30|2026-12-31,"Тохру — ивент-фотограф с более чем 10-летним опытом и более 1000 реализованных съёмок. Он работает с частными и бизнес-ивентами любого масштаба — от камерных торжеств до крупных форумов и презентаций. Тохру уверенно чувствует динамику события, умеет передать атмосферу, статус и ключевые моменты мероприятия, оставаясь незаметным для гостей и организаторов.В его портфолио — съёмки для Sakura Fashion Week Almaty, Ghibli Asia Ball, HelpKids Kazakhstan, Eurasian Fashion Week, а также сотрудничество с ведущими агентствами и брендами, включая EventDream.kz."
HK-46450,Сакура Харуно,Инструменталист,Алматы,False,False,350000,False,корпоратив|свадьба|юбилей|той,казахский|русский|английский,4,2026-09-24|2026-09-26|2026-09-27|2026-09-30|2026-10-02|2026-10-03|2026-10-08|2026-10-09|2026-10-12|2026-10-14|2026-10-17|2026-10-19|2026-10-21|2026-10-22|2026-10-23|2026-10-25|2026-11-02|2026-11-03|2026-11-06|2026-11-08|2026-11-09|2026-11-10|2026-11-12|2026-11-15|2026-11-16|2026-11-18|2026-11-21|2026-11-22|2026-11-29|2026-12-03|2026-12-04|2026-12-05|2026-12-06|2026-12-07|2026-12-08|2026-12-09|2026-12-10|2026-12-11|2026-12-12|2026-12-13|2026-12-14|2026-12-15|2026-12-16|2026-12-17|2026-12-20|2026-12-22|2026-12-23|2026-12-24|2026-12-25|2026-12-29|2026-12-30|2026-12-31,"Bebop Jazz Collective — джазовый проект с шестилетней историей на сцене Казахстана. Его визитная карточка — узнаваемое авторское звучание с контрабасом, где классика, этника и джазовые стандарты соединяются в уникальной манере исполнения. Коллектив не копирует каверы, а предлагает оригинальные интерпретации — от казахских народных мелодий до современных мировых хитов. Bebop Jazz Collective выступает в премиум-сегменте: частных мероприятий до открытий бутиков и бизнес-ивентов. Среди клиентов: Ginkgo Group, TechDomo, Bijou Étoile, Samsara Tech, Fontaine Noir, Kitsune Motors, Belle Sakura и другие. Проект регулярно сотрудничает с фэшн-индустрией и дипломатическими представительствами выступает на событиях с участием деловой и культурной элиты. Форматы: Trio — welcome-зоны и камерные вечера (контрабас-вокал + гитара + саксофон / домбра). Quartet — расширенный репертуар, этно-джазовый оттенок (контрабас-вокал + гитара + саксофон+ домбра). Подходит для welcome-формата и сопровождения камерных мероприятий. Quintet — сценический формат с живыми барабанами (контрабас-вокал + гитара + саксофон + домбра + барабаны)."
HK-25279,Мегумин,Лайв-бэнд,Алматы,False,False,800000,False,корпоратив|день рождения|юбилей,русский,5,2026-09-23|2026-09-30|2026-10-02|2026-10-06|2026-10-08|2026-10-11|2026-10-12|2026-10-20|2026-10-21|2026-10-24|2026-10-27|2026-10-29|2026-10-31|2026-11-05|2026-11-07|2026-11-08|2026-11-09|2026-11-11|2026-11-13|2026-11-14|2026-11-16|2026-11-17|2026-11-18|2026-11-22|2026-11-23|2026-11-28|2026-12-01|2026-12-02|2026-12-03|2026-12-05|2026-12-06|2026-12-07|2026-12-09|2026-12-11|2026-12-12|2026-12-13|2026-12-14|2026-12-15|2026-12-16|2026-12-17|2026-12-18|2026-12-19|2026-12-20|2026-12-24|2026-12-25|2026-12-26|2026-12-27|2026-12-28|2026-12-29|2026-12-30|2026-12-31,"Мы — Crimson Demon Live! И да, мы действительно сверкаем — звуком, энергией и атмосферой, которую создаём на сцене."
HK-92824,Поньо,Национальный ансамбль|Танцевальный коллектив|Шоу-программа,Алматы,False,False,500000,False,свадьба|той|юбилей,казахский,2,2026-09-29|2026-10-04|2026-10-06|2026-10-10|2026-10-15|2026-10-17|2026-10-18|2026-10-22|2026-10-24|2026-10-25|2026-10-29|2026-10-31|2026-11-06|2026-11-07|2026-11-08|2026-11-11|2026-11-15|2026-11-16|2026-11-17|2026-11-18|2026-11-20|2026-11-21|2026-11-22|2026-11-23|2026-11-25|2026-11-26|2026-12-02|2026-12-03|2026-12-04|2026-12-05|2026-12-06|2026-12-07|2026-12-09|2026-12-10|2026-12-11|2026-12-12|2026-12-13|2026-12-15|2026-12-16|2026-12-18|2026-12-19|2026-12-20|2026-12-21|2026-12-23|2026-12-24|2026-12-25|2026-12-28|2026-12-29|2026-12-30|2026-12-31,"Авторский проект Ичиго и Рукии Гармония песни и красоты Ансамбль Sailor Dala, который украсит ваше торжество"
HK-36965,Эдвард Ван Хог,Национальный ансамбль|Танцевальный коллектив|Шоу-программа,Алматы,False,False,500000,False,той|свадьба|юбилей,казахский,2,2026-09-23|2026-09-24|2026-09-25|2026-09-26|2026-09-29|2026-09-30|2026-10-13|2026-10-15|2026-10-16|2026-10-18|2026-10-21|2026-10-22|2026-10-23|2026-10-24|2026-10-28|2026-10-30|2026-11-01|2026-11-04|2026-11-05|2026-11-08|2026-11-19|2026-11-21|2026-11-23|2026-11-25|2026-11-27|2026-11-30|2026-12-02|2026-12-03|2026-12-04|2026-12-05|2026-12-06|2026-12-07|2026-12-08|2026-12-09|2026-12-10|2026-12-11|2026-12-12|2026-12-13|2026-12-14|2026-12-16|2026-12-18|2026-12-19|2026-12-20|2026-12-22|2026-12-24|2026-12-25|2026-12-27|2026-12-28|2026-12-29|2026-12-30,Выступаем на вашем торжестве Прославляем казахскую песню на весь мир
HK-39301,Рамь,Национальный ансамбль|Танцевальный коллектив|Шоу-программа,Алматы,False,False,500000,False,той|свадьба|корпоратив,казахский,2,2026-09-23|2026-09-25|2026-09-26|2026-09-30|2026-10-02|2026-10-03|2026-10-04|2026-10-06|2026-10-07|2026-10-08|2026-10-10|2026-10-19|2026-10-22|2026-10-24|2026-10-25|2026-10-26|2026-10-27|2026-11-02|2026-11-09|2026-11-11|2026-11-12|2026-11-13|2026-11-15|2026-11-19|2026-11-22|2026-11-25|2026-11-29|2026-12-01|2026-12-02|2026-12-04|2026-12-05|2026-12-06|2026-12-07|2026-12-08|2026-12-12|2026-12-13|2026-12-16|2026-12-17|2026-12-18|2026-12-19|2026-12-20|2026-12-22|2026-12-24|2026-12-25|2026-12-27|2026-12-28|2026-12-29|2026-12-30|2026-12-31,"Ансамбль №1 в Казахстане Авторский проект Ичиго и Рукии, впервые выступивший перед главой государства"
HK-45928,Очако Урарака,Видеограф,Алматы,False,False,800000,False,свадьба|юбилей|корпоратив,русский|английский,10,2026-09-23|2026-09-25|2026-10-01|2026-10-07|2026-10-09|2026-10-10|2026-10-15|2026-10-19|2026-10-21|2026-10-22|2026-10-23|2026-10-24|2026-10-29|2026-10-30|2026-10-31|2026-11-02|2026-11-03|2026-11-06|2026-11-07|2026-11-09|2026-11-12|2026-11-13|2026-11-14|2026-11-19|2026-11-20|2026-11-21|2026-11-24|2026-11-25|2026-11-28|2026-12-02|2026-12-03|2026-12-04|2026-12-05|2026-12-06|2026-12-07|2026-12-09|2026-12-10|2026-12-12|2026-12-13|2026-12-14|2026-12-15|2026-12-18|2026-12-19|2026-12-20|2026-12-21|2026-12-22|2026-12-23|2026-12-24|2026-12-26|2026-12-28|2026-12-29,"Очако Урарака — видеограф, который работает с живыми эмоциями и настоящими моментами. Он специализируется на свадебной, семейной и рекламной съёмке, создавая атмосферные видео с естественными цветами и искренним настроением. Очако работает в Алматы и по всему миру, легко выстраивает контакт с парами и остаётся почти незаметным в кадре — именно поэтому эмоции в его работах выглядят так естественно и глубоко. Его подход основан на доверии, комфорте и совместной работе с парой, где результат рождается в диалоге. Его проекты регулярно появляются в публикациях ведущих организаторов и свадебных брендов, что подтверждает высокий уровень доверия и стабильное качество работы. Формат съёмки: full day"
HK-83709,Рей Аянами,Лайв-бэнд,Алматы,False,False,1150000,False,свадьба|той|юбилей|корпоратив,казахский|русский,6,2026-09-24|2026-09-26|2026-09-29|2026-09-30|2026-10-02|2026-10-03|2026-10-07|2026-10-09|2026-10-10|2026-10-13|2026-10-17|2026-10-18|2026-10-22|2026-10-24|2026-10-28|2026-10-29|2026-10-31|2026-11-05|2026-11-06|2026-11-08|2026-11-10|2026-11-12|2026-11-15|2026-11-29|2026-12-01|2026-12-03|2026-12-04|2026-12-06|2026-12-07|2026-12-08|2026-12-09|2026-12-10|2026-12-11|2026-12-13|2026-12-15|2026-12-16|2026-12-17|2026-12-18|2026-12-20|2026-12-21|2026-12-22|2026-12-23|2026-12-24|2026-12-26|2026-12-27|2026-12-30|2026-12-31,"В репертуаре группы большой выбор казахских песен, ретро-шлягеров, хитов 80-х, 90-х, 2000-х, а так же, современные хиты. Начиная от модных ивэнтов до масштабных свадеб, «Eva Sound» идеально впишется в любой формат мероприятия! Наши музыканты профессионалы своего дела. Их любовь к музыке передаётся каждой ноте. «Eva Sound» band – это парад незабываемых впечатлений и отличного настроения. Большой музыкальный состав: 4 вокалиста, струнный квартет, духовой брасс, перкуссионист, клавишник, барабанщик, гитарист и бас-гитарист."
HK-23752,Дзэнъицу Агацума,Лайв-бэнд,Алматы,False,False,1150000,False,свадьба|той|юбилей|корпоратив,казахский|русский,6,2026-09-26|2026-09-28|2026-09-30|2026-10-02|2026-10-17|2026-10-18|2026-10-20|2026-10-23|2026-10-25|2026-10-31|2026-11-01|2026-11-02|2026-11-07|2026-11-08|2026-11-09|2026-11-11|2026-11-12|2026-11-14|2026-11-15|2026-11-16|2026-11-17|2026-11-19|2026-11-26|2026-11-27|2026-11-28|2026-12-02|2026-12-03|2026-12-04|2026-12-05|2026-12-06|2026-12-07|2026-12-11|2026-12-12|2026-12-14|2026-12-15|2026-12-17|2026-12-18|2026-12-20|2026-12-21|2026-12-22|2026-12-23|2026-12-24|2026-12-26|2026-12-27|2026-12-28|2026-12-30|2026-12-31,"В репертуаре группы большой выбор казахских песен, ретро-шлягеров, хитов 80-х, 90-х, 2000-х, а так же, современные хиты. Начиная от модных ивэнтов до масштабных свадеб, «Thunder Breath Band» идеально впишется в любой формат мероприятия! Наши музыканты профессионалы своего дела. Их любовь к музыке передаётся каждой ноте. «Thunder Breath Band» band – это парад незабываемых впечатлений и отличного настроения. Расширенный состав Thunder Breath Band: 🎤 два вокалиста 🎤 вокалистка 🥁 барабанщик 🎸 бас-гитарист 🎸 соло-гитарист 🎺 труба 🎷 саксофон 🎵 тромбон Репертуар включает ретро-хиты, треки из нулевых, современные композиции и казахскую музыку. Такой состав даёт плотный живой звук, который наполняет пространство и создаёт атмосферу настоящего выступления."
HK-31819,Каору Камия,Лайв-бэнд,Алматы,False,False,1150000,False,корпоратив|день рождения|юбилей,русский|английский,5,2026-09-26|2026-10-03|2026-10-06|2026-10-07|2026-10-08|2026-10-09|2026-10-11|2026-10-12|2026-10-14|2026-10-15|2026-10-17|2026-10-20|2026-10-24|2026-10-25|2026-10-27|2026-10-30|2026-10-31|2026-11-01|2026-11-02|2026-11-04|2026-11-07|2026-11-09|2026-11-12|2026-11-13|2026-11-14|2026-11-19|2026-11-20|2026-11-21|2026-11-27|2026-11-30|2026-12-01|2026-12-02|2026-12-03|2026-12-04|2026-12-05|2026-12-07|2026-12-08|2026-12-09|2026-12-11|2026-12-12|2026-12-13|2026-12-15|2026-12-16|2026-12-17|2026-12-18|2026-12-19|2026-12-20|2026-12-21|2026-12-23|2026-12-25|2026-12-26|2026-12-27|2026-12-29|2026-12-30|2026-12-31,"«Rurouni Sound» – это особое и незабываемое звучание самых ярких и любимых вам музыкальных композиций. Группа одинаково хорошо звучит как на больших концертных площадках и open-air’ах, так и в маленьких уютных клубах. Визитная карточка группы — это сочетание высокого профессионализма каждого музыканта и незабываемого вокала солистки, что в целом создаёт на сцене безумную энергетику драйва. Расширенный состав группы Rurouni Sound: 🎤 вокалист 🎤 вокалистка 🥁 барабанщик 🎸 бас-гитарист 🎸 соло-гитарист 🎺 труба 🎷 саксофон 🎵 тромбон Большой состав группы Rurouni Sound: 🎤4 профессиональных вокалиста 🥁барабанщик,перкуссионист, 🎸бас-гитарист,соло-гитарист 🎺 труба 🎷 саксофон 🎵 тромбон 🎻 струнный квартет (4 музыканта) 🔉звукорежиссёр Репертуар: от ретро-хитов до современных треков: любимые песни 80-х, 90-х, 2000-х, современные композиции и, конечно, казахская музыка."
HK-57480,Кобаяши,Лайв-бэнд,Алматы,False,False,1500000,False,корпоратив|юбилей|свадьба,русский|английский,5,2026-09-24|2026-09-27|2026-10-05|2026-10-09|2026-10-10|2026-10-11|2026-10-13|2026-10-14|2026-10-19|2026-10-22|2026-10-25|2026-10-27|2026-10-29|2026-11-04|2026-11-05|2026-11-08|2026-11-14|2026-11-15|2026-11-19|2026-11-20|2026-11-25|2026-11-27|2026-11-28|2026-12-01|2026-12-03|2026-12-04|2026-12-05|2026-12-06|2026-12-07|2026-12-08|2026-12-09|2026-12-10|2026-12-11|2026-12-12|2026-12-13|2026-12-15|2026-12-16|2026-12-17|2026-12-20|2026-12-22|2026-12-23|2026-12-24|2026-12-25|2026-12-26|2026-12-27|2026-12-29|2026-12-31,"KOBAYASHI SHOW BAND — это синергия живой музыки, эмоций и шоу. Профессиональный коллектив, который превращает каждое выступление в яркий перформанс с мощной энергетикой, хореографией и активным взаимодействием с публикой. Репертуар KOBAYASHI охватывает всё: от культовых хитов 90-х и 2000-х до современных композиций. Это не просто концерт — это шоу, где музыка оживает через движение, стиль и атмосферу.Команда постоянно развивается, экспериментирует с форматами и создаёт уникальные выступления, которые выделяют их среди других и делают событие по-настоящему запоминающимся."
HK-35215,Кики,Ведущий,Алматы,False,False,900000,False,свадьба|той|юбилей|корпоратив,казахский|русский|английский,10,2026-09-23|2026-09-26|2026-09-27|2026-09-28|2026-09-29|2026-10-01|2026-10-03|2026-10-05|2026-10-08|2026-10-10|2026-10-11|2026-10-16|2026-10-20|2026-10-24|2026-10-28|2026-11-02|2026-11-03|2026-11-05|2026-11-06|2026-11-07|2026-11-08|2026-11-10|2026-11-11|2026-11-13|2026-11-14|2026-11-16|2026-11-18|2026-11-19|2026-11-20|2026-11-22|2026-11-30|2026-12-01|2026-12-03|2026-12-05|2026-12-06|2026-12-07|2026-12-09|2026-12-11|2026-12-12|2026-12-13|2026-12-14|2026-12-15|2026-12-16|2026-12-18|2026-12-20|2026-12-21|2026-12-22|2026-12-23|2026-12-25|2026-12-26|2026-12-29|2026-12-30|2026-12-31,"Кики — редкое сочетание тонкого юмора, харизмы и безупречных манер. Он создаёт атмосферу, в которой гости чувствуют себя вовлечёнными, а праздник — особенным. С ним вы узнаете, что такое персональный подход и как выглядит идеально выстроенное мероприятие. Работает на казахском, русском и английском языках. Ведёт все форматы: свадьбы, проводы невесты, обряд первых шагов, праздник в честь новорождённого, поминальный обед, памятные годовщины, юбилеи, той обрезания, тимбилдинги, конференции и крупные события. Кики входит в топ-10 ведущих Казахстана и остаётся тем профессионалом, которому доверяют самые важные дни. Ваш праздник — в руках ведущего, который делает уровень. Всегда ваш, Кики."
HK-77838,Хаул,Ведущий,Алматы,False,False,1000000,False,корпоратив|конференция|юбилей|свадьба,русский|казахский,8,2026-09-23|2026-09-24|2026-09-26|2026-09-28|2026-09-29|2026-10-01|2026-10-02|2026-10-03|2026-10-04|2026-10-06|2026-10-08|2026-10-20|2026-10-21|2026-10-22|2026-10-24|2026-10-31|2026-11-01|2026-11-04|2026-11-05|2026-11-06|2026-11-11|2026-11-12|2026-11-13|2026-11-14|2026-11-15|2026-11-17|2026-11-19|2026-11-20|2026-11-21|2026-11-26|2026-11-28|2026-11-29|2026-12-01|2026-12-03|2026-12-04|2026-12-06|2026-12-08|2026-12-09|2026-12-10|2026-12-11|2026-12-12|2026-12-13|2026-12-15|2026-12-16|2026-12-18|2026-12-19|2026-12-20|2026-12-22|2026-12-23|2026-12-25|2026-12-26|2026-12-27|2026-12-30|2026-12-31,"Профессиональный ведущий с интеллигентной, располагающей и ненавязчивой подачей. Его стиль — культурная импровизация, тонкий юмор и естественная энергия, которые делают атмосферу праздника живой, изысканной и запоминающейся. Он — актёр театра и кино, педагог по актёрскому мастерству театральной академии искусств, солист этно-рок группы «Тенгри Rock» и телеведущий телеканала «Hoshizora TV». Такой опыт позволяет ему работать глубже, тоньше и создавать праздник, в котором каждый момент звучит правильно. Для него каждое событие — не просто банкет, а самый важный день клиента. Ответственность, забота и уважение — основа его работы. Язык проведения: казахский"
HK-72938,Софи Хаттер,Ведущий,Алматы,False,False,2000000,False,корпоратив|свадьба|юбилей|той,казахский|русский,8,2026-09-25|2026-09-26|2026-10-01|2026-10-02|2026-10-08|2026-10-09|2026-10-12|2026-10-15|2026-10-25|2026-10-27|2026-10-30|2026-10-31|2026-11-02|2026-11-03|2026-11-04|2026-11-06|2026-11-07|2026-11-09|2026-11-11|2026-11-12|2026-11-13|2026-11-14|2026-11-17|2026-11-21|2026-11-22|2026-11-26|2026-12-04|2026-12-05|2026-12-06|2026-12-07|2026-12-08|2026-12-09|2026-12-10|2026-12-11|2026-12-12|2026-12-13|2026-12-16|2026-12-17|2026-12-18|2026-12-19|2026-12-20|2026-12-21|2026-12-23|2026-12-25|2026-12-26|2026-12-27|2026-12-28|2026-12-30|2026-12-31,"Ведущий, актер, участник КВН команды «Ghibli Микс» — Высшая лига. Стиль ведения: развлекательный, с юмором, официальный. Язык ведения: казахский, русский. Большая база игр и конкурсов, свежий юмор на актуальные темы."
HK-27222,Сон Гоку,Ведущий,Алматы,False,False,1000000,False,свадьба|той|корпоратив|конференция,казахский|русский,10,2026-09-24|2026-09-25|2026-09-26|2026-09-27|2026-09-28|2026-09-29|2026-10-01|2026-10-02|2026-10-03|2026-10-05|2026-10-09|2026-10-12|2026-10-16|2026-10-17|2026-10-19|2026-10-21|2026-10-24|2026-10-25|2026-10-28|2026-10-30|2026-10-31|2026-11-01|2026-11-03|2026-11-04|2026-11-07|2026-11-09|2026-11-10|2026-11-12|2026-11-13|2026-11-17|2026-11-21|2026-11-24|2026-11-27|2026-11-29|2026-12-01|2026-12-02|2026-12-05|2026-12-06|2026-12-07|2026-12-08|2026-12-12|2026-12-14|2026-12-15|2026-12-16|2026-12-17|2026-12-18|2026-12-19|2026-12-21|2026-12-22|2026-12-24|2026-12-25|2026-12-26|2026-12-27|2026-12-28|2026-12-29|2026-12-30|2026-12-31,"Сон Гоку — один из самых востребованных двуязычных ведущих Алматы с опытом более 12 лет. Его стиль — европейская подача, тонкий юмор, уважение к традициям и умение создать атмосферу, в которой комфортно каждому гостю. Начав карьеру на телевидении, Гоку стал голосом крупнейших медиа Казахстана и постоянным ведущим масштабных событий. Его профессиональная история включает работу на телеканалах Aiyar TV, Nurdala TV, Otan TV, HitStar TV, SportSekai и радиостанциях Hikari FM, Yume FM. С Гоку сотрудничали Magna Market, Hikari Premium Al-Farabi, Kurichiken, MoonBucks, Sora Bank, Tsuki Bank, Ginkgo Group, MegaHoshi Mall, Merlin Ghibli DIY, Eureka Ghibli и другие бренды. Гоку — ведущий, который держит зал, уважает культуру и превращает событие в тёплую, лёгкую и динамичную историю."
HK-75012,Джинбей,Ведущий,Алматы,False,False,1300000,False,корпоратив|конференция,русский|английский,6,2026-09-28|2026-10-02|2026-10-03|2026-10-05|2026-10-11|2026-10-16|2026-10-17|2026-10-22|2026-10-23|2026-10-25|2026-10-27|2026-10-30|2026-10-31|2026-11-01|2026-11-05|2026-11-06|2026-11-08|2026-11-12|2026-11-13|2026-11-14|2026-11-20|2026-11-22|2026-11-26|2026-11-27|2026-11-28|2026-11-30|2026-12-02|2026-12-03|2026-12-04|2026-12-05|2026-12-06|2026-12-07|2026-12-08|2026-12-10|2026-12-11|2026-12-12|2026-12-13|2026-12-15|2026-12-16|2026-12-17|2026-12-19|2026-12-20|2026-12-21|2026-12-24|2026-12-25|2026-12-26|2026-12-28|2026-12-30,"Джинбей — ведущий нового поколения, который соединяет опыт 10 лет в индустрии, медийность и безупречное чувство аудитории. Он работает с крупнейшими брендами и международными площадками, ведёт мероприятия Fortune Sekai, технологические форумы, концерты и премиальные частные события. Амбассадор Digital Sakura Almaty, участник медиапрограмм Formula 1, партнёр глобальных компаний — от PearTech до GateCard. Джинбей создаёт атмосферу, задаёт тон событию и удерживает внимание так, чтобы каждый момент стал значимым. Стиль, энергия и профессионализм — три качества, которые делают его одним из самых востребованных ведущих страны."
HK-29829,Аня Форджер,Ведущий,Алматы,False,False,700000,False,день рождения|корпоратив|юбилей,русский,6,2026-09-24|2026-09-30|2026-10-01|2026-10-02|2026-10-05|2026-10-09|2026-10-11|2026-10-13|2026-10-14|2026-10-16|2026-10-17|2026-10-21|2026-10-22|2026-10-28|2026-11-02|2026-11-04|2026-11-12|2026-11-15|2026-11-16|2026-11-17|2026-11-18|2026-11-19|2026-11-26|2026-12-01|2026-12-02|2026-12-05|2026-12-07|2026-12-08|2026-12-09|2026-12-10|2026-12-11|2026-12-12|2026-12-13|2026-12-14|2026-12-15|2026-12-16|2026-12-17|2026-12-18|2026-12-19|2026-12-20|2026-12-21|2026-12-23|2026-12-26|2026-12-28|2026-12-29|2026-12-30|2026-12-31,"Без долгих речей и наставлений на ивентах. Только развлечения и танцы. Интересен любой публике — как взрослым, так и молодежи. Аня также обаятельна в жизни, как и на сцене. Она — ответственная, исполнительная и креативная."
HK-35846,Аска Ленгли,Фото и видеобудки|Шоу-программа,Алматы,True,False,450000,True,корпоратив|свадьба|юбилей|конференция,русский|английский,6,2026-09-23|2026-09-30|2026-10-01|2026-10-03|2026-10-07|2026-10-09|2026-10-16|2026-10-17|2026-10-19|2026-10-23|2026-10-24|2026-10-25|2026-10-26|2026-10-28|2026-10-30|2026-11-01|2026-11-05|2026-11-07|2026-11-13|2026-11-15|2026-11-19|2026-11-21|2026-11-26|2026-11-27|2026-11-28|2026-11-29|2026-12-01|2026-12-02|2026-12-03|2026-12-04|2026-12-05|2026-12-06|2026-12-07|2026-12-08|2026-12-10|2026-12-11|2026-12-13|2026-12-14|2026-12-16|2026-12-18|2026-12-19|2026-12-20|2026-12-21|2026-12-22|2026-12-23|2026-12-24|2026-12-25|2026-12-27|2026-12-29|2026-12-30,"NERV Events – команда профессионалов, для которых важен результат. Мы создаём впечатления, о которых хочется рассказывать снова и снова. Компания на рынке более 15 лет. 3 основных направления: Встреча гостей; Световые и пиксельные шоу; Интерактивные фото/видеозоны. В нашей команде – технические специалисты, артисты и менеджеры, объединённые одной целью: делать вау-эффект реальностью. Мы соединяем технологии и искусство, превращая любое событие в синтез эмоций, света и движения."
HK-64395,Иноскэ Хашибира,Банкетный зал|Загородная площадка|Ресторан,Алматы,True,False,2500000,True,свадьба|корпоратив|юбилей|день рождения,русский|английский,8,2026-09-23|2026-09-24|2026-09-25|2026-09-27|2026-09-29|2026-10-02|2026-10-04|2026-10-07|2026-10-09|2026-10-11|2026-10-15|2026-10-16|2026-10-17|2026-10-19|2026-10-21|2026-10-22|2026-10-25|2026-10-29|2026-10-30|2026-11-02|2026-11-07|2026-11-08|2026-11-09|2026-11-12|2026-11-18|2026-11-19|2026-11-25|2026-11-26|2026-11-27|2026-11-28|2026-11-29|2026-11-30|2026-12-02|2026-12-03|2026-12-04|2026-12-06|2026-12-07|2026-12-08|2026-12-09|2026-12-11|2026-12-14|2026-12-15|2026-12-17|2026-12-18|2026-12-19|2026-12-20|2026-12-21|2026-12-22|2026-12-23|2026-12-24|2026-12-25|2026-12-26|2026-12-28|2026-12-30|2026-12-31,"Nerima Terrace – стильная панорамная локация в Алматы с захватывающим видом на город и горы. Пространство сочетает современную атмосферу, уютные террасы и эффектные закаты, идеально подходя для мероприятий, романтических вечеров и отдыха в одном из самых живописных мест города."
HK-72785,Асуна Юки,Банкетный зал|Отель|Ресторан,Алматы,True,False,6000000,True,корпоратив|конференция|свадьба|юбилей,русский|английский,10,2026-09-23|2026-09-24|2026-09-25|2026-09-26|2026-09-27|2026-09-30|2026-10-06|2026-10-07|2026-10-10|2026-10-11|2026-10-12|2026-10-13|2026-10-15|2026-10-19|2026-10-24|2026-10-26|2026-10-27|2026-10-28|2026-10-29|2026-10-31|2026-11-03|2026-11-06|2026-11-07|2026-11-10|2026-11-14|2026-11-17|2026-11-18|2026-11-21|2026-11-22|2026-11-25|2026-11-26|2026-11-27|2026-11-28|2026-12-02|2026-12-03|2026-12-04|2026-12-05|2026-12-06|2026-12-07|2026-12-08|2026-12-09|2026-12-10|2026-12-12|2026-12-13|2026-12-14|2026-12-15|2026-12-16|2026-12-17|2026-12-18|2026-12-19|2026-12-20|2026-12-23|2026-12-24|2026-12-26|2026-12-28|2026-12-31,"Fuyuki Grand – один из самых роскошных отелей Алматы с панорамными видами на горы и город, расположенный в башне Sakura Tower. Локация сочетает элегантный современный интерьер, премиальный сервис, изысканные рестораны и атмосферу уединённой роскоши – идеальное место для деловых встреч, особых событий и отдыха на высоте."
HK-99701,Сосукэ,Банкетный зал|Загородная площадка|Ресторан,Алматы,True,False,4000000,True,корпоратив|конференция|юбилей,русский|английский,8,2026-09-25|2026-09-28|2026-10-02|2026-10-03|2026-10-07|2026-10-09|2026-10-11|2026-10-13|2026-10-20|2026-10-25|2026-10-26|2026-10-27|2026-10-28|2026-11-01|2026-11-02|2026-11-03|2026-11-06|2026-11-07|2026-11-11|2026-11-12|2026-11-14|2026-11-16|2026-11-17|2026-11-19|2026-11-20|2026-11-21|2026-11-23|2026-11-27|2026-11-28|2026-12-01|2026-12-02|2026-12-03|2026-12-06|2026-12-07|2026-12-08|2026-12-09|2026-12-11|2026-12-13|2026-12-15|2026-12-16|2026-12-18|2026-12-19|2026-12-21|2026-12-22|2026-12-23|2026-12-24|2026-12-25|2026-12-26|2026-12-27|2026-12-29|2026-12-30|2026-12-31,"Ouran Golf Club – премиальный гольф-курорт и ресторанный комплекс в Алматы с живописными панорамами гор, просторными зелёными полями и атмосферой уединённого отдыха. Локация идеально подходит для деловых встреч, ужинов на террасе и спокойного отдыха в окружении природы и элегантного сервиса."
HK-58236,Шинобу Кочо,Банкетный зал|Загородная площадка|Ресторан,Алматы,True,False,3000000,True,той|свадьба|юбилей|корпоратив,казахский|русский,8,2026-09-30|2026-10-03|2026-10-06|2026-10-07|2026-10-16|2026-10-17|2026-10-23|2026-10-31|2026-11-03|2026-11-05|2026-11-08|2026-11-09|2026-11-10|2026-11-14|2026-11-15|2026-11-17|2026-11-18|2026-11-19|2026-11-20|2026-11-24|2026-11-25|2026-11-29|2026-12-02|2026-12-03|2026-12-04|2026-12-05|2026-12-06|2026-12-08|2026-12-10|2026-12-13|2026-12-14|2026-12-15|2026-12-17|2026-12-18|2026-12-19|2026-12-20|2026-12-21|2026-12-22|2026-12-23|2026-12-24|2026-12-25|2026-12-27|2026-12-28|2026-12-29|2026-12-30|2026-12-31,"Наусикая – атмосферный ресторан национальной казахской кухни на вершине городской горы с панорамным видом на Алматы и горы. Интерьер вдохновлён традиционной юртой и украшен национальными мотивами, а уютная атмосфера и аутентичная кухня делают это место идеальным для знакомства с казахской культурой и красивых вечеров."
HK-50695,Хината Хьюга,Банкетный зал|Ресторан,Алматы,True,False,2000000,True,свадьба|юбилей|день рождения,русский|английский,6,2026-09-24|2026-09-25|2026-09-26|2026-09-27|2026-09-29|2026-09-30|2026-10-01|2026-10-03|2026-10-04|2026-10-06|2026-10-09|2026-10-12|2026-10-15|2026-10-17|2026-10-18|2026-10-27|2026-10-29|2026-10-31|2026-11-05|2026-11-08|2026-11-14|2026-11-16|2026-11-17|2026-11-18|2026-11-20|2026-11-21|2026-11-27|2026-11-29|2026-11-30|2026-12-02|2026-12-03|2026-12-04|2026-12-05|2026-12-06|2026-12-08|2026-12-09|2026-12-10|2026-12-11|2026-12-12|2026-12-13|2026-12-14|2026-12-16|2026-12-18|2026-12-19|2026-12-20|2026-12-22|2026-12-23|2026-12-25|2026-12-26|2026-12-27|2026-12-28|2026-12-29|2026-12-30,"Villa Cavallone – элегантный ресторан итальянской и средиземноморской кухни в Алматы с атмосферой европейской виллы. Пространство сочетает роскошный интерьер, уютные террасы, живую музыку и красивые виды на горы, создавая идеальное место для романтических ужинов, встреч и особых событий."
HK-69010,Дарквнесс,Банкетный зал|Загородная площадка|Ресторан,Алматы,True,False,3500000,True,корпоратив|конференция|свадьба,русский|английский,8,2026-09-27|2026-09-28|2026-10-02|2026-10-03|2026-10-06|2026-10-08|2026-10-11|2026-10-14|2026-10-16|2026-10-20|2026-10-23|2026-10-30|2026-10-31|2026-11-01|2026-11-03|2026-11-04|2026-11-09|2026-11-11|2026-11-14|2026-11-20|2026-11-22|2026-11-23|2026-11-24|2026-11-26|2026-12-04|2026-12-05|2026-12-06|2026-12-08|2026-12-09|2026-12-10|2026-12-11|2026-12-12|2026-12-13|2026-12-14|2026-12-16|2026-12-17|2026-12-18|2026-12-19|2026-12-20|2026-12-21|2026-12-22|2026-12-23|2026-12-25|2026-12-26|2026-12-27|2026-12-28|2026-12-30|2026-12-31,"Totoro Golf Club – атмосферный гольф-клуб и ресторан у подножия Заилийского Алатау в Алматы. Локация сочетает ухоженные зелёные поля, панорамные виды на горы и спокойную премиальную атмосферу. Отличное место для деловых встреч, романтического ужина или отдыха на террасе с красивым видом и европейско-азиатской кухней."
HK-19103,Мэй Кусакабэ,Национальный ансамбль|Танцевальный коллектив|Шоу-программа,Алматы,True,False,400000,False,той|свадьба|юбилей,казахский,2,2026-09-25|2026-09-26|2026-09-30|2026-10-02|2026-10-03|2026-10-06|2026-10-07|2026-10-08|2026-10-09|2026-10-14|2026-10-19|2026-10-24|2026-10-27|2026-11-05|2026-11-06|2026-11-07|2026-11-13|2026-11-15|2026-11-16|2026-11-21|2026-11-23|2026-11-25|2026-11-29|2026-12-01|2026-12-02|2026-12-04|2026-12-05|2026-12-06|2026-12-07|2026-12-08|2026-12-09|2026-12-10|2026-12-11|2026-12-13|2026-12-14|2026-12-15|2026-12-18|2026-12-19|2026-12-20|2026-12-21|2026-12-22|2026-12-24|2026-12-26|2026-12-28|2026-12-29|2026-12-30|2026-12-31,"Творческий коллектив Sakura Dala — духовная, энергичная команда джигитов. Sakura Dala, снискавший народную любовь, готов выступить на вашем торжестве! Если хотите превратить своё торжество в настоящий духовный праздник и подарить гостям незабываемые впечатления — свяжитесь с нами!"
HK-90001,Тихиро Огино,Флорист,Алматы,False,True,250000,False,свадьба|юбилей|той,русский|казахский,,2026-09-25|2026-09-26|2026-09-27|2026-10-01|2026-10-02|2026-10-03|2026-10-05|2026-10-07|2026-10-10|2026-10-16|2026-10-18|2026-10-19|2026-10-20|2026-10-23|2026-11-01|2026-11-03|2026-11-05|2026-11-06|2026-11-07|2026-11-08|2026-11-09|2026-11-10|2026-11-15|2026-11-16|2026-11-21|2026-11-26|2026-11-30|2026-12-03|2026-12-04|2026-12-05|2026-12-06|2026-12-07|2026-12-08|2026-12-09|2026-12-11|2026-12-12|2026-12-13|2026-12-15|2026-12-17|2026-12-18|2026-12-19|2026-12-20|2026-12-23|2026-12-24|2026-12-25|2026-12-26|2026-12-27|2026-12-28|2026-12-30,"White Sakura Studio — авторская флористика для свадеб и юбилеев. Работаем с сезонными и привозными цветами, собираем композиции под цветовую палитру мероприятия — от букета невесты до оформления стола молодожёнов."
HK-90002,Хаку,Флорист,Астана,False,True,300000,False,корпоратив|конференция|юбилей|свадьба,русский,,2026-09-24|2026-09-28|2026-09-29|2026-10-02|2026-10-04|2026-10-05|2026-10-06|2026-10-07|2026-10-11|2026-10-13|2026-10-15|2026-10-18|2026-10-21|2026-10-23|2026-10-31|2026-11-01|2026-11-02|2026-11-05|2026-11-07|2026-11-09|2026-11-10|2026-11-19|2026-11-21|2026-11-22|2026-11-27|2026-12-02|2026-12-04|2026-12-06|2026-12-08|2026-12-09|2026-12-10|2026-12-11|2026-12-12|2026-12-13|2026-12-14|2026-12-15|2026-12-16|2026-12-18|2026-12-20|2026-12-21|2026-12-22|2026-12-23|2026-12-24|2026-12-26|2026-12-27|2026-12-28|2026-12-30|2026-12-31,"Ирис Botanica — флористическое оформление корпоративных и частных событий: welcome-зоны, президиумы, фотозоны. Предлагаем композиции в разных стилях, от минимализма до пышного декора."
HK-90003,Усопп,Декоратор,Алматы,False,True,1800000,False,свадьба|корпоратив,русский,,2026-09-23|2026-09-26|2026-09-27|2026-10-01|2026-10-03|2026-10-18|2026-10-19|2026-10-22|2026-10-23|2026-10-26|2026-10-29|2026-10-31|2026-11-07|2026-11-08|2026-11-09|2026-11-11|2026-11-14|2026-11-20|2026-11-22|2026-11-23|2026-11-25|2026-12-01|2026-12-03|2026-12-04|2026-12-06|2026-12-07|2026-12-08|2026-12-09|2026-12-10|2026-12-11|2026-12-12|2026-12-13|2026-12-14|2026-12-16|2026-12-17|2026-12-18|2026-12-19|2026-12-21|2026-12-22|2026-12-23|2026-12-24|2026-12-25|2026-12-28|2026-12-29|2026-12-31,"Concept Lumen — световые и объёмные инсталляции для свадеб и корпоративных мероприятий: неоновые вывески, шар-гирлянды, тканевый декор потолка. Работаем под ключ: проект, монтаж, демонтаж."
HK-90004,Франки,Декоратор,Алматы,False,True,2200000,False,корпоратив|конференция|свадьба,русский,,2026-09-24|2026-09-30|2026-10-02|2026-10-04|2026-10-07|2026-10-09|2026-10-14|2026-10-17|2026-10-19|2026-10-20|2026-10-22|2026-10-25|2026-10-26|2026-10-29|2026-10-30|2026-10-31|2026-11-01|2026-11-06|2026-11-07|2026-11-14|2026-11-16|2026-11-18|2026-11-19|2026-11-20|2026-11-21|2026-11-22|2026-11-23|2026-11-28|2026-11-29|2026-11-30|2026-12-02|2026-12-03|2026-12-05|2026-12-08|2026-12-10|2026-12-11|2026-12-12|2026-12-13|2026-12-14|2026-12-15|2026-12-16|2026-12-17|2026-12-18|2026-12-19|2026-12-21|2026-12-22|2026-12-23|2026-12-24|2026-12-25|2026-12-26|2026-12-27|2026-12-29|2026-12-30|2026-12-31,"Студия Каркас — сценография и декор больших мероприятий: подиумы, арки, фотозоны на металлокаркасе. Берём проекты премиум-уровня с индивидуальным эскизом под концепцию клиента."
HK-90005,Виолетта Эвергарден,Подарки и сувениры,Алматы,False,True,120000,True,свадьба|юбилей,русский,,2026-09-25|2026-09-26|2026-09-27|2026-10-01|2026-10-02|2026-10-03|2026-10-04|2026-10-09|2026-10-10|2026-10-12|2026-10-14|2026-10-15|2026-10-17|2026-10-22|2026-10-23|2026-10-31|2026-11-01|2026-11-02|2026-11-03|2026-11-07|2026-11-09|2026-11-11|2026-11-12|2026-11-13|2026-11-21|2026-11-22|2026-11-27|2026-11-28|2026-11-29|2026-12-01|2026-12-02|2026-12-03|2026-12-04|2026-12-05|2026-12-06|2026-12-07|2026-12-08|2026-12-09|2026-12-11|2026-12-13|2026-12-15|2026-12-16|2026-12-18|2026-12-19|2026-12-20|2026-12-21|2026-12-22|2026-12-25|2026-12-26|2026-12-27|2026-12-28|2026-12-29|2026-12-31,"Letters & Sweets — именные открытки и подарочные наборы для гостей мероприятия: карточки рассадки, welcome-боксы, сладости с индивидуальным дизайном под тематику события."
HK-90006,Лойд Форджер,Подарки и сувениры,Астана,False,True,100000,True,корпоратив|конференция,русский|английский,,2026-09-23|2026-09-26|2026-09-30|2026-10-01|2026-10-02|2026-10-03|2026-10-04|2026-10-06|2026-10-07|2026-10-11|2026-10-16|2026-10-17|2026-10-19|2026-10-24|2026-10-25|2026-10-27|2026-10-30|2026-11-01|2026-11-03|2026-11-07|2026-11-08|2026-11-10|2026-11-11|2026-11-12|2026-11-13|2026-11-16|2026-11-18|2026-11-20|2026-11-22|2026-11-24|2026-11-26|2026-11-27|2026-11-28|2026-11-29|2026-12-02|2026-12-03|2026-12-04|2026-12-08|2026-12-10|2026-12-12|2026-12-13|2026-12-14|2026-12-15|2026-12-16|2026-12-17|2026-12-18|2026-12-19|2026-12-20|2026-12-21|2026-12-22|2026-12-24|2026-12-25|2026-12-26|2026-12-29|2026-12-30|2026-12-31,"Print & Magnet Craft — брендированный мерч и сувениры для корпоративных мероприятий: фотомагниты, значки, блокноты с логотипом компании. Минимальный тираж от 20 штук."
HK-90007,Субару Нацуки,Ведущий церемонии,Алматы,False,True,250000,False,свадьба,казахский|русский,3,2026-09-25|2026-09-26|2026-09-28|2026-09-29|2026-09-30|2026-10-01|2026-10-02|2026-10-03|2026-10-04|2026-10-06|2026-10-09|2026-10-10|2026-10-11|2026-10-13|2026-10-16|2026-10-17|2026-10-18|2026-10-20|2026-10-23|2026-10-25|2026-10-26|2026-10-28|2026-11-02|2026-11-03|2026-11-05|2026-11-06|2026-11-08|2026-11-11|2026-11-12|2026-11-16|2026-11-20|2026-11-21|2026-11-23|2026-11-25|2026-12-01|2026-12-02|2026-12-03|2026-12-04|2026-12-06|2026-12-07|2026-12-08|2026-12-10|2026-12-13|2026-12-14|2026-12-15|2026-12-16|2026-12-17|2026-12-18|2026-12-20|2026-12-21|2026-12-23|2026-12-24|2026-12-25|2026-12-26|2026-12-28|2026-12-31,"Провожу выездную регистрацию и церемонию бракосочетания на казахском и русском языках. Работаю по сценарию пары, без шаблонных фраз — каждая церемония собирается индивидуально под историю молодожёнов."
HK-90008,Рем,Ведущий церемонии,Астана,False,True,220000,False,свадьба,русский,3,2026-09-23|2026-09-24|2026-09-25|2026-10-08|2026-10-10|2026-10-15|2026-10-18|2026-10-21|2026-10-23|2026-10-27|2026-10-31|2026-11-01|2026-11-02|2026-11-06|2026-11-07|2026-11-08|2026-11-09|2026-11-11|2026-11-12|2026-11-14|2026-11-21|2026-11-22|2026-11-23|2026-11-25|2026-11-28|2026-12-01|2026-12-02|2026-12-03|2026-12-07|2026-12-08|2026-12-10|2026-12-11|2026-12-13|2026-12-15|2026-12-16|2026-12-17|2026-12-18|2026-12-20|2026-12-21|2026-12-22|2026-12-23|2026-12-24|2026-12-25|2026-12-26|2026-12-27|2026-12-28|2026-12-29|2026-12-30|2026-12-31,"Церемониймейстер выездных регистраций брака. Спокойная, тёплая подача, помогаю паре и гостям прожить церемонию без спешки и лишнего пафоса."
HK-90009,Кадзума Сато,Фото и видеобудки,Алматы,False,True,300000,False,свадьба|корпоратив,русский,6,2026-09-25|2026-09-30|2026-10-02|2026-10-04|2026-10-08|2026-10-10|2026-10-12|2026-10-16|2026-10-22|2026-10-24|2026-10-25|2026-10-27|2026-11-04|2026-11-08|2026-11-13|2026-11-14|2026-11-16|2026-11-17|2026-11-20|2026-11-25|2026-11-27|2026-11-28|2026-11-29|2026-11-30|2026-12-03|2026-12-04|2026-12-05|2026-12-06|2026-12-07|2026-12-08|2026-12-10|2026-12-11|2026-12-12|2026-12-14|2026-12-15|2026-12-16|2026-12-17|2026-12-19|2026-12-20|2026-12-22|2026-12-23|2026-12-25|2026-12-26|2026-12-27|2026-12-28|2026-12-29|2026-12-30,"Instant Frame Booth — интерактивная фотобудка с мгновенной печатью снимков и брендированной рамкой. Подходит для свадеб и корпоративных мероприятий, аренда от 3 часов."
HK-90010,Аква,Фото и видеобудки,Астана,False,True,280000,False,свадьба|корпоратив|день рождения,русский,6,2026-09-25|2026-09-27|2026-09-29|2026-10-08|2026-10-09|2026-10-10|2026-10-13|2026-10-16|2026-10-17|2026-10-18|2026-10-19|2026-10-24|2026-10-25|2026-10-26|2026-10-27|2026-10-28|2026-10-29|2026-10-30|2026-11-01|2026-11-02|2026-11-05|2026-11-13|2026-11-14|2026-11-16|2026-11-20|2026-11-21|2026-11-22|2026-11-24|2026-11-26|2026-11-28|2026-12-01|2026-12-02|2026-12-03|2026-12-04|2026-12-05|2026-12-08|2026-12-09|2026-12-10|2026-12-11|2026-12-13|2026-12-14|2026-12-15|2026-12-16|2026-12-17|2026-12-18|2026-12-19|2026-12-20|2026-12-22|2026-12-23|2026-12-24|2026-12-26|2026-12-29|2026-12-30,"Magic Mirror Photo — зеркальная фотобудка с сенсорным экраном, анимацией и печатью фото. Гости взаимодействуют с зеркалом как с интерактивным гостем праздника."
HK-90011,Гохан,Банкетный зал|Отель|Ресторан,Алматы,False,True,3200000,True,свадьба|той|корпоратив|юбилей,казахский|русский,8,2026-09-23|2026-09-24|2026-09-28|2026-10-03|2026-10-07|2026-10-10|2026-10-11|2026-10-14|2026-10-16|2026-10-17|2026-10-18|2026-10-19|2026-10-20|2026-10-25|2026-10-29|2026-10-31|2026-11-10|2026-11-11|2026-11-15|2026-11-16|2026-11-22|2026-11-26|2026-12-01|2026-12-02|2026-12-03|2026-12-06|2026-12-08|2026-12-09|2026-12-10|2026-12-11|2026-12-12|2026-12-13|2026-12-14|2026-12-15|2026-12-16|2026-12-19|2026-12-20|2026-12-21|2026-12-23|2026-12-24|2026-12-25|2026-12-26|2026-12-27|2026-12-28|2026-12-29|2026-12-30,"Grand Sora Hotel – отель с банкетным залом и рестораном в центре Алматы. Панорамные окна, вместимость зала до 200 гостей, свой кейтеринг и парковка для гостей мероприятия."
HK-90012,Веджита,Банкетный зал|Отель,Астана,False,True,2800000,True,корпоратив|конференция|свадьба|юбилей,русский|английский,10,2026-09-25|2026-09-27|2026-09-29|2026-10-01|2026-10-02|2026-10-05|2026-10-11|2026-10-13|2026-10-15|2026-10-16|2026-10-18|2026-10-19|2026-10-21|2026-10-23|2026-10-26|2026-10-27|2026-10-28|2026-10-30|2026-11-02|2026-11-09|2026-11-11|2026-11-13|2026-11-14|2026-11-21|2026-11-24|2026-11-25|2026-11-27|2026-11-28|2026-11-29|2026-11-30|2026-12-01|2026-12-02|2026-12-03|2026-12-04|2026-12-05|2026-12-06|2026-12-07|2026-12-09|2026-12-10|2026-12-11|2026-12-12|2026-12-13|2026-12-15|2026-12-16|2026-12-17|2026-12-18|2026-12-19|2026-12-21|2026-12-24|2026-12-26|2026-12-27|2026-12-28|2026-12-29|2026-12-30,"Skyline Crown Hotel – отель делового класса с двумя банкетными залами разной вместимости. Подходит для корпоративных конференций, свадеб и юбилеев, есть техническое оснащение для презентаций."
HK-90013,Ямча,Инструменталист,Алматы,False,True,400000,False,свадьба|корпоратив,русский,3,2026-09-25|2026-09-27|2026-09-29|2026-10-01|2026-10-02|2026-10-06|2026-10-08|2026-10-10|2026-10-11|2026-10-14|2026-10-17|2026-10-19|2026-10-20|2026-10-22|2026-10-23|2026-10-25|2026-10-27|2026-10-28|2026-10-30|2026-10-31|2026-11-05|2026-11-09|2026-11-11|2026-11-14|2026-11-15|2026-11-21|2026-12-01|2026-12-02|2026-12-03|2026-12-04|2026-12-05|2026-12-06|2026-12-08|2026-12-09|2026-12-10|2026-12-11|2026-12-12|2026-12-13|2026-12-14|2026-12-16|2026-12-17|2026-12-19|2026-12-20|2026-12-21|2026-12-23|2026-12-24|2026-12-25|2026-12-26|2026-12-28|2026-12-30,"Сольные выступления на скрипке и саксофоне для свадебных церемоний, романтических ужинов и welcome-зон корпоративных мероприятий. Репертуар — от классики до современных кавер-аранжировок."
HK-S00001,Акира Мидзуно,Диджей,Алматы,False,True,150000,True,корпоратив|той|юбилей,русский|казахский,8,2026-09-23|2026-09-26|2026-09-27|2026-09-30|2026-10-03|2026-10-06|2026-10-12|2026-10-17|2026-10-19|2026-10-21|2026-10-26|2026-10-31|2026-11-04|2026-11-05|2026-11-09|2026-11-11|2026-11-15|2026-11-24|2026-11-26|2026-11-27|2026-11-28|2026-11-29|2026-12-03|2026-12-04|2026-12-06|2026-12-12|2026-12-14|2026-12-16|2026-12-17|2026-12-19|2026-12-23|2026-12-27|2026-12-29|2026-12-30|2026-12-31,"Синтетический демонстрационный профиль: Акира Мидзуно. Категория: Диджей. Город: Алматы. Услуги: музыкальный сет и согласование плейлиста. Форматы: корпоратив, той, юбилей. Языки: русский, казахский. Продолжительность до 8 ч. Условная стоимость от 150000 ₸."
HK-S00002,Хару Мидзуно,Вокалист,Алматы,False,True,160000,True,той|день рождения|корпоратив,казахский|русский|английский,8,2026-09-24|2026-09-26|2026-09-30|2026-10-01|2026-10-02|2026-10-03|2026-10-13|2026-10-17|2026-10-20|2026-10-23|2026-10-24|2026-10-25|2026-10-29|2026-10-30|2026-11-03|2026-11-13|2026-11-14|2026-11-18|2026-11-19|2026-11-22|2026-11-27|2026-11-28|2026-11-30|2026-12-01|2026-12-03|2026-12-04|2026-12-07|2026-12-10|2026-12-11|2026-12-14|2026-12-15|2026-12-19|2026-12-21|2026-12-24,"Синтетический демонстрационный профиль: Хару Мидзуно. Категория: Вокалист. Город: Алматы. Услуги: сольный вокал и подбор репертуара под аудиторию. Форматы: той, день рождения, корпоратив. Языки: казахский, русский, английский. Продолжительность до 8 ч. Условная стоимость от 160000 ₸."
HK-S00003,Рэн Мидзуно,Кейтеринг,Алматы,False,True,600000,True,юбилей|корпоратив|свадьба,казахский|русский|английский,10,2026-09-24|2026-09-26|2026-09-27|2026-09-28|2026-09-30|2026-10-01|2026-10-02|2026-10-06|2026-10-07|2026-10-08|2026-10-11|2026-10-12|2026-10-16|2026-10-20|2026-10-25|2026-10-27|2026-10-29|2026-11-06|2026-11-08|2026-11-13|2026-11-16|2026-11-20|2026-11-21|2026-11-22|2026-11-26|2026-11-29|2026-12-04|2026-12-07|2026-12-10|2026-12-17|2026-12-19|2026-12-20|2026-12-21|2026-12-22|2026-12-23|2026-12-31,"Синтетический демонстрационный профиль: Рэн Мидзуно. Категория: Кейтеринг. Город: Алматы. Услуги: выездное питание, фуршет и обслуживание гостей. Форматы: юбилей, корпоратив, свадьба. Языки: казахский, русский, английский. Продолжительность до 10 ч. Условная стоимость от 600000 ₸."
HK-S00004,Юки Мидзуно,Кондитер,Алматы,False,True,145000,True,день рождения|юбилей|корпоратив,казахский|русский|английский,4,2026-09-24|2026-09-26|2026-10-01|2026-10-04|2026-10-05|2026-10-07|2026-10-08|2026-10-12|2026-10-14|2026-10-15|2026-10-20|2026-10-22|2026-10-23|2026-10-24|2026-10-27|2026-10-30|2026-10-31|2026-11-03|2026-11-06|2026-11-10|2026-11-13|2026-11-14|2026-11-15|2026-11-16|2026-11-21|2026-11-24|2026-11-26|2026-11-27|2026-12-03|2026-12-04|2026-12-06|2026-12-09|2026-12-18|2026-12-21|2026-12-24|2026-12-25|2026-12-26|2026-12-29|2026-12-31,"Синтетический демонстрационный профиль: Юки Мидзуно. Категория: Кондитер. Город: Алматы. Услуги: праздничный торт и десертный стол. Форматы: день рождения, юбилей, корпоратив. Языки: казахский, русский, английский. Продолжительность до 4 ч. Условная стоимость от 145000 ₸."
HK-S00005,Сора Мидзуно,Визажист,Алматы,False,True,70000,True,свадьба|день рождения|той,казахский|русский|английский,3,2026-09-25|2026-10-01|2026-10-06|2026-10-10|2026-10-11|2026-10-24|2026-10-26|2026-10-27|2026-10-30|2026-10-31|2026-11-01|2026-11-03|2026-11-05|2026-11-23|2026-11-25|2026-11-27|2026-12-01|2026-12-04|2026-12-06|2026-12-10|2026-12-19|2026-12-24,"Синтетический демонстрационный профиль: Сора Мидзуно. Категория: Визажист. Город: Алматы. Услуги: праздничный макияж и подготовка образа. Форматы: свадьба, день рождения, той. Языки: казахский, русский, английский. Продолжительность до 3 ч. Условная стоимость от 70000 ₸."
HK-S00006,Нао Мидзуно,Стилист по причёскам,Алматы,False,True,60000,True,той|свадьба|день рождения,русский,4,2026-09-25|2026-09-27|2026-09-28|2026-09-30|2026-10-01|2026-10-02|2026-10-04|2026-10-08|2026-10-10|2026-10-11|2026-10-13|2026-10-14|2026-10-15|2026-10-17|2026-10-19|2026-10-20|2026-10-27|2026-10-28|2026-11-01|2026-11-04|2026-11-06|2026-11-09|2026-11-10|2026-11-11|2026-11-13|2026-11-14|2026-11-15|2026-11-16|2026-11-17|2026-11-18|2026-11-19|2026-11-21|2026-11-25|2026-11-27|2026-11-30|2026-12-06|2026-12-07|2026-12-09|2026-12-10|2026-12-12|2026-12-13|2026-12-14|2026-12-16|2026-12-18|2026-12-23|2026-12-28|2026-12-31,"Синтетический демонстрационный профиль: Нао Мидзуно. Категория: Стилист по причёскам. Город: Алматы. Услуги: укладка и праздничная причёска. Форматы: той, свадьба, день рождения. Языки: русский. Продолжительность до 4 ч. Условная стоимость от 60000 ₸."
HK-S00007,Рику Мидзуно,Звукорежиссёр,Алматы,False,True,180000,True,корпоратив|юбилей|конференция,русский|казахский,8,2026-09-30|2026-10-02|2026-10-11|2026-10-17|2026-10-18|2026-10-21|2026-10-23|2026-10-24|2026-10-27|2026-10-31|2026-11-04|2026-11-07|2026-11-08|2026-11-26|2026-11-29|2026-12-02|2026-12-08|2026-12-14|2026-12-16|2026-12-17|2026-12-24,"Синтетический демонстрационный профиль: Рику Мидзуно. Категория: Звукорежиссёр. Город: Алматы. Услуги: настройка звука, саундчек и сопровождение выступлений. Форматы: корпоратив, юбилей, конференция. Языки: русский, казахский. Продолжительность до 8 ч. Условная стоимость от 180000 ₸."
HK-S00008,Мио Мидзуно,Световое оборудование,Алматы,False,True,240000,True,юбилей|свадьба|конференция,русский|казахский,4,2026-09-25|2026-10-03|2026-10-06|2026-10-08|2026-10-09|2026-10-14|2026-10-18|2026-10-19|2026-10-20|2026-10-21|2026-10-30|2026-11-03|2026-11-13|2026-11-14|2026-11-17|2026-11-24|2026-11-26|2026-11-27|2026-11-28|2026-12-03|2026-12-11|2026-12-16|2026-12-18|2026-12-21|2026-12-23|2026-12-26|2026-12-29,"Синтетический демонстрационный профиль: Мио Мидзуно. Категория: Световое оборудование. Город: Алматы. Услуги: аренда света, монтаж и световое сопровождение. Форматы: юбилей, свадьба, конференция. Языки: русский, казахский. Продолжительность до 4 ч. Условная стоимость от 240000 ₸."
HK-S00009,Кэй Мидзуно,Аниматор,Алматы,False,True,95000,True,той|день рождения|свадьба,казахский|русский|английский,3,2026-09-30|2026-10-01|2026-10-02|2026-10-10|2026-10-14|2026-10-16|2026-10-17|2026-10-22|2026-10-24|2026-10-30|2026-11-01|2026-11-04|2026-11-06|2026-11-15|2026-11-18|2026-11-21|2026-12-01|2026-12-11|2026-12-13|2026-12-18|2026-12-20|2026-12-24|2026-12-27,"Синтетический демонстрационный профиль: Кэй Мидзуно. Категория: Аниматор. Город: Алматы. Услуги: игры и интерактивная программа для детей. Форматы: той, день рождения, свадьба. Языки: казахский, русский, английский. Продолжительность до 3 ч. Условная стоимость от 95000 ₸."
HK-S00010,Хината Мидзуно,Иллюзионист,Алматы,False,True,160000,True,свадьба|юбилей|той,русский,2,2026-09-26|2026-09-29|2026-10-03|2026-10-04|2026-10-05|2026-10-12|2026-10-15|2026-10-16|2026-10-17|2026-10-19|2026-10-27|2026-10-30|2026-10-31|2026-11-02|2026-11-03|2026-11-05|2026-11-07|2026-11-10|2026-11-11|2026-11-14|2026-11-15|2026-11-17|2026-11-19|2026-11-21|2026-11-23|2026-11-25|2026-11-26|2026-11-27|2026-12-01|2026-12-02|2026-12-03|2026-12-05|2026-12-07|2026-12-08|2026-12-10|2026-12-14|2026-12-19|2026-12-20|2026-12-21|2026-12-25|2026-12-29,"Синтетический демонстрационный профиль: Хината Мидзуно. Категория: Иллюзионист. Город: Алматы. Услуги: сценические иллюзии и микромагия для гостей. Форматы: свадьба, юбилей, той. Языки: русский. Продолжительность до 2 ч. Условная стоимость от 160000 ₸."
HK-S00011,Аой Мидзуно,Координатор мероприятия,Алматы,False,True,120000,True,свадьба|конференция|юбилей,русский,8,2026-09-23|2026-10-02|2026-10-03|2026-10-05|2026-10-10|2026-10-13|2026-10-14|2026-10-15|2026-10-23|2026-10-24|2026-11-06|2026-11-10|2026-11-14|2026-11-16|2026-11-19|2026-11-22|2026-11-24|2026-11-26|2026-11-30|2026-12-07|2026-12-09|2026-12-10|2026-12-11|2026-12-13|2026-12-16|2026-12-17|2026-12-18|2026-12-25|2026-12-28|2026-12-30,"Синтетический демонстрационный профиль: Аой Мидзуно. Категория: Координатор мероприятия. Город: Алматы. Услуги: контроль тайминга и координация подрядчиков. Форматы: свадьба, конференция, юбилей. Языки: русский. Продолжительность до 8 ч. Условная стоимость от 120000 ₸."
HK-S00012,Рэй Мидзуно,Транспорт для мероприятий,Алматы,False,True,160000,True,корпоратив|юбилей|конференция,казахский|русский|английский,10,2026-09-23|2026-10-02|2026-10-05|2026-10-12|2026-10-13|2026-10-14|2026-10-23|2026-10-26|2026-10-28|2026-10-30|2026-11-03|2026-11-18|2026-11-21|2026-11-28|2026-12-04|2026-12-08|2026-12-13|2026-12-15|2026-12-20|2026-12-21|2026-12-22|2026-12-24|2026-12-26|2026-12-27,"Синтетический демонстрационный профиль: Рэй Мидзуно. Категория: Транспорт для мероприятий. Город: Алматы. Услуги: организация трансфера гостей и маршрутов. Форматы: корпоратив, юбилей, конференция. Языки: казахский, русский, английский. Продолжительность до 10 ч. Условная стоимость от 160000 ₸."
HK-S00013,Юна Мидзуно,Бармен-шоу,Алматы,False,True,145000,True,юбилей|день рождения|свадьба,русский|казахский,2,2026-09-24|2026-09-25|2026-09-26|2026-09-28|2026-10-02|2026-10-03|2026-10-04|2026-10-08|2026-10-11|2026-10-13|2026-10-14|2026-10-16|2026-10-17|2026-10-18|2026-10-20|2026-10-23|2026-10-29|2026-11-05|2026-11-07|2026-11-08|2026-11-11|2026-11-12|2026-11-13|2026-11-15|2026-11-16|2026-11-20|2026-11-21|2026-11-23|2026-11-24|2026-11-25|2026-11-27|2026-11-29|2026-11-30|2026-12-03|2026-12-04|2026-12-05|2026-12-06|2026-12-07|2026-12-08|2026-12-10|2026-12-12|2026-12-16|2026-12-17|2026-12-19|2026-12-23|2026-12-24|2026-12-25|2026-12-31,"Синтетический демонстрационный профиль: Юна Мидзуно. Категория: Бармен-шоу. Город: Алматы. Услуги: барное шоу и приготовление безалкогольных коктейлей. Форматы: юбилей, день рождения, свадьба. Языки: русский, казахский. Продолжительность до 2 ч. Условная стоимость от 145000 ₸."
HK-S00014,Кай Мидзуно,Диджей,Астана,False,True,225000,True,день рождения|юбилей|свадьба,русский|казахский,6,2026-09-24|2026-09-25|2026-09-26|2026-09-29|2026-10-05|2026-10-11|2026-10-12|2026-10-13|2026-10-14|2026-10-19|2026-10-20|2026-10-29|2026-11-01|2026-11-03|2026-11-07|2026-11-08|2026-11-11|2026-11-14|2026-11-16|2026-11-19|2026-11-20|2026-11-26|2026-11-28|2026-11-30|2026-12-02|2026-12-08|2026-12-10|2026-12-12|2026-12-14|2026-12-17|2026-12-18|2026-12-19|2026-12-21|2026-12-23|2026-12-28|2026-12-29,"Синтетический демонстрационный профиль: Кай Мидзуно. Категория: Диджей. Город: Астана. Услуги: музыкальный сет и согласование плейлиста. Форматы: день рождения, юбилей, свадьба. Языки: русский, казахский. Продолжительность до 6 ч. Условная стоимость от 225000 ₸."
HK-S00015,Акира Хосино,Вокалист,Астана,False,True,160000,True,день рождения|свадьба|корпоратив,казахский|русский|английский,8,2026-10-04|2026-10-05|2026-10-07|2026-10-09|2026-10-14|2026-10-15|2026-10-16|2026-10-17|2026-10-18|2026-10-27|2026-10-30|2026-10-31|2026-11-04|2026-11-07|2026-11-08|2026-11-10|2026-11-12|2026-11-14|2026-11-17|2026-11-18|2026-11-22|2026-11-27|2026-11-29|2026-12-01|2026-12-02|2026-12-07|2026-12-08|2026-12-10|2026-12-20|2026-12-22|2026-12-24|2026-12-25|2026-12-31,"Синтетический демонстрационный профиль: Акира Хосино. Категория: Вокалист. Город: Астана. Услуги: сольный вокал и подбор репертуара под аудиторию. Форматы: день рождения, свадьба, корпоратив. Языки: казахский, русский, английский. Продолжительность до 8 ч. Условная стоимость от 160000 ₸."
HK-S00016,Хару Хосино,Кейтеринг,Астана,False,True,400000,True,конференция|корпоратив|юбилей,русский,6,2026-09-23|2026-09-25|2026-09-26|2026-09-27|2026-09-28|2026-09-29|2026-09-30|2026-10-01|2026-10-02|2026-10-05|2026-10-08|2026-10-12|2026-10-13|2026-10-16|2026-10-20|2026-10-23|2026-10-24|2026-10-25|2026-10-26|2026-10-27|2026-10-28|2026-10-29|2026-10-31|2026-11-02|2026-11-05|2026-11-06|2026-11-08|2026-11-09|2026-11-13|2026-11-15|2026-11-21|2026-11-26|2026-11-28|2026-11-29|2026-11-30|2026-12-01|2026-12-02|2026-12-06|2026-12-07|2026-12-08|2026-12-11|2026-12-12|2026-12-13|2026-12-16|2026-12-18|2026-12-20|2026-12-21,"Синтетический демонстрационный профиль: Хару Хосино. Категория: Кейтеринг. Город: Астана. Услуги: выездное питание, фуршет и обслуживание гостей. Форматы: конференция, корпоратив, юбилей. Языки: русский. Продолжительность до 6 ч. Условная стоимость от 400000 ₸."
HK-S00017,Рэн Хосино,Кондитер,Астана,False,True,180000,True,свадьба|день рождения|юбилей,казахский|русский|английский,10,2026-09-26|2026-09-27|2026-09-29|2026-10-02|2026-10-04|2026-10-06|2026-10-11|2026-10-19|2026-10-21|2026-10-25|2026-10-26|2026-11-02|2026-11-03|2026-11-08|2026-11-11|2026-11-15|2026-11-18|2026-11-19|2026-11-27|2026-11-28|2026-12-01|2026-12-05|2026-12-08|2026-12-09|2026-12-10|2026-12-16|2026-12-18|2026-12-19|2026-12-21|2026-12-26|2026-12-31,"Синтетический демонстрационный профиль: Рэн Хосино. Категория: Кондитер. Город: Астана. Услуги: праздничный торт и десертный стол. Форматы: свадьба, день рождения, юбилей. Языки: казахский, русский, английский. Продолжительность до 10 ч. Условная стоимость от 180000 ₸."
HK-S00018,Юки Хосино,Визажист,Астана,False,True,55000,True,день рождения|свадьба|той,русский|казахский,4,2026-09-23|2026-09-30|2026-10-03|2026-10-04|2026-10-07|2026-10-12|2026-10-14|2026-10-19|2026-10-20|2026-10-30|2026-11-02|2026-11-03|2026-11-11|2026-11-13|2026-11-14|2026-11-24|2026-11-30|2026-12-11|2026-12-18|2026-12-21|2026-12-22|2026-12-25|2026-12-31,"Синтетический демонстрационный профиль: Юки Хосино. Категория: Визажист. Город: Астана. Услуги: праздничный макияж и подготовка образа. Форматы: день рождения, свадьба, той. Языки: русский, казахский. Продолжительность до 4 ч. Условная стоимость от 55000 ₸."
HK-S00019,Сора Хосино,Стилист по причёскам,Астана,False,True,40000,True,той|свадьба|день рождения,русский|казахский,4,2026-09-24|2026-09-27|2026-09-28|2026-09-29|2026-10-01|2026-10-09|2026-10-14|2026-10-16|2026-10-18|2026-10-20|2026-10-21|2026-10-22|2026-10-23|2026-10-24|2026-10-25|2026-10-26|2026-10-29|2026-10-30|2026-10-31|2026-11-04|2026-11-05|2026-11-07|2026-11-12|2026-11-13|2026-11-14|2026-11-16|2026-11-17|2026-11-20|2026-11-24|2026-11-25|2026-12-01|2026-12-06|2026-12-07|2026-12-10|2026-12-11|2026-12-14|2026-12-15|2026-12-19|2026-12-21|2026-12-22|2026-12-24|2026-12-26|2026-12-27|2026-12-28|2026-12-31,"Синтетический демонстрационный профиль: Сора Хосино. Категория: Стилист по причёскам. Город: Астана. Услуги: укладка и праздничная причёска. Форматы: той, свадьба, день рождения. Языки: русский, казахский. Продолжительность до 4 ч. Условная стоимость от 40000 ₸."
HK-S00020,Нао Хосино,Звукорежиссёр,Астана,False,True,180000,True,юбилей|конференция|свадьба,казахский|русский|английский,6,2026-09-26|2026-10-05|2026-10-06|2026-10-09|2026-10-11|2026-10-13|2026-10-14|2026-10-19|2026-10-21|2026-10-25|2026-10-30|2026-10-31|2026-11-03|2026-11-06|2026-11-08|2026-11-10|2026-11-12|2026-11-13|2026-11-16|2026-11-20|2026-11-22|2026-11-24|2026-11-25|2026-11-28|2026-11-29|2026-12-01|2026-12-11|2026-12-19|2026-12-20|2026-12-21|2026-12-23|2026-12-27|2026-12-30,"Синтетический демонстрационный профиль: Нао Хосино. Категория: Звукорежиссёр. Город: Астана. Услуги: настройка звука, саундчек и сопровождение выступлений. Форматы: юбилей, конференция, свадьба. Языки: казахский, русский, английский. Продолжительность до 6 ч. Условная стоимость от 180000 ₸."
HK-S00021,Рику Хосино,Световое оборудование,Астана,False,True,240000,True,свадьба|корпоратив|юбилей,русский|казахский,4,2026-09-25|2026-09-26|2026-09-27|2026-09-30|2026-10-08|2026-10-13|2026-10-17|2026-10-23|2026-10-24|2026-11-06|2026-11-19|2026-11-21|2026-11-29|2026-11-30|2026-12-04|2026-12-07|2026-12-10|2026-12-11|2026-12-15|2026-12-23,"Синтетический демонстрационный профиль: Рику Хосино. Категория: Световое оборудование. Город: Астана. Услуги: аренда света, монтаж и световое сопровождение. Форматы: свадьба, корпоратив, юбилей. Языки: русский, казахский. Продолжительность до 4 ч. Условная стоимость от 240000 ₸."
HK-S00022,Мио Хосино,Аниматор,Астана,False,True,120000,True,той|день рождения|свадьба,русский,4,2026-09-29|2026-10-02|2026-10-11|2026-10-12|2026-10-17|2026-10-21|2026-10-22|2026-10-23|2026-10-30|2026-10-31|2026-11-03|2026-11-06|2026-11-11|2026-11-12|2026-11-26|2026-11-30|2026-12-01|2026-12-07|2026-12-09|2026-12-11|2026-12-15|2026-12-26|2026-12-28,"Синтетический демонстрационный профиль: Мио Хосино. Категория: Аниматор. Город: Астана. Услуги: игры и интерактивная программа для детей. Форматы: той, день рождения, свадьба. Языки: русский. Продолжительность до 4 ч. Условная стоимость от 120000 ₸."
HK-S00023,Кэй Хосино,Иллюзионист,Астана,False,True,200000,True,той|свадьба|юбилей,русский|казахский,2,2026-09-26|2026-09-29|2026-09-30|2026-10-01|2026-10-02|2026-10-03|2026-10-09|2026-10-11|2026-10-15|2026-10-17|2026-10-19|2026-10-21|2026-10-23|2026-10-26|2026-10-27|2026-10-31|2026-11-01|2026-11-03|2026-11-05|2026-11-06|2026-11-08|2026-11-11|2026-11-13|2026-11-16|2026-11-19|2026-11-23|2026-11-28|2026-11-29|2026-11-30|2026-12-01|2026-12-03|2026-12-05|2026-12-07|2026-12-10|2026-12-16|2026-12-17|2026-12-19|2026-12-23|2026-12-25,"Синтетический демонстрационный профиль: Кэй Хосино. Категория: Иллюзионист. Город: Астана. Услуги: сценические иллюзии и микромагия для гостей. Форматы: той, свадьба, юбилей. Языки: русский, казахский. Продолжительность до 2 ч. Условная стоимость от 200000 ₸."
HK-S00024,Хината Хосино,Координатор мероприятия,Астана,False,True,225000,True,свадьба|юбилей|конференция,казахский|русский|английский,4,2026-09-24|2026-09-26|2026-09-27|2026-10-04|2026-10-05|2026-10-06|2026-10-07|2026-10-08|2026-10-09|2026-10-12|2026-10-15|2026-10-18|2026-10-20|2026-10-22|2026-10-23|2026-10-24|2026-10-31|2026-11-01|2026-11-02|2026-11-04|2026-11-07|2026-11-08|2026-11-09|2026-11-11|2026-11-14|2026-11-18|2026-11-27|2026-11-28|2026-11-29|2026-11-30|2026-12-01|2026-12-02|2026-12-05|2026-12-14|2026-12-15|2026-12-17|2026-12-20|2026-12-26,"Синтетический демонстрационный профиль: Хината Хосино. Категория: Координатор мероприятия. Город: Астана. Услуги: контроль тайминга и координация подрядчиков. Форматы: свадьба, юбилей, конференция. Языки: казахский, русский, английский. Продолжительность до 4 ч. Условная стоимость от 225000 ₸."
HK-S00025,Аой Хосино,Транспорт для мероприятий,Астана,False,True,200000,True,свадьба|конференция|корпоратив,русский,6,2026-09-23|2026-09-27|2026-09-30|2026-10-01|2026-10-03|2026-10-05|2026-10-06|2026-10-14|2026-10-18|2026-10-23|2026-10-24|2026-10-25|2026-10-30|2026-11-02|2026-11-04|2026-11-06|2026-11-16|2026-11-19|2026-11-22|2026-11-23|2026-11-27|2026-11-28|2026-12-02|2026-12-03|2026-12-05|2026-12-09|2026-12-10|2026-12-11|2026-12-14|2026-12-16|2026-12-18|2026-12-23,"Синтетический демонстрационный профиль: Аой Хосино. Категория: Транспорт для мероприятий. Город: Астана. Услуги: организация трансфера гостей и маршрутов. Форматы: свадьба, конференция, корпоратив. Языки: русский. Продолжительность до 6 ч. Условная стоимость от 200000 ₸."
HK-S00026,Рэй Хосино,Бармен-шоу,Астана,False,True,270000,True,свадьба|корпоратив|юбилей,казахский|русский|английский,2,2026-09-23|2026-09-24|2026-09-29|2026-10-02|2026-10-04|2026-10-06|2026-10-09|2026-10-11|2026-10-15|2026-10-16|2026-10-22|2026-10-25|2026-10-29|2026-10-30|2026-10-31|2026-11-01|2026-11-06|2026-11-07|2026-11-08|2026-11-11|2026-11-12|2026-11-14|2026-11-15|2026-11-19|2026-11-20|2026-11-21|2026-11-22|2026-11-27|2026-11-28|2026-11-29|2026-11-30|2026-12-02|2026-12-05|2026-12-07|2026-12-08|2026-12-10|2026-12-12|2026-12-15|2026-12-16|2026-12-19|2026-12-20|2026-12-23|2026-12-24|2026-12-25|2026-12-27|2026-12-29|2026-12-31,"Синтетический демонстрационный профиль: Рэй Хосино. Категория: Бармен-шоу. Город: Астана. Услуги: барное шоу и приготовление безалкогольных коктейлей. Форматы: свадьба, корпоратив, юбилей. Языки: казахский, русский, английский. Продолжительность до 2 ч. Условная стоимость от 270000 ₸."
HK-S00027,Юна Хосино,Диджей,Алматы,False,True,150000,True,той|корпоратив|юбилей,русский|казахский,4,2026-09-23|2026-09-27|2026-09-29|2026-10-05|2026-10-11|2026-10-13|2026-10-14|2026-10-21|2026-10-24|2026-10-25|2026-10-28|2026-10-30|2026-10-31|2026-11-02|2026-11-05|2026-11-10|2026-11-16|2026-11-17|2026-11-18|2026-11-19|2026-11-23|2026-11-26|2026-11-30|2026-12-03|2026-12-06|2026-12-11|2026-12-17|2026-12-18|2026-12-19|2026-12-21|2026-12-22|2026-12-23|2026-12-25|2026-12-26|2026-12-29,"Синтетический демонстрационный профиль: Юна Хосино. Категория: Диджей. Город: Алматы. Услуги: музыкальный сет и согласование плейлиста. Форматы: той, корпоратив, юбилей. Языки: русский, казахский. Продолжительность до 4 ч. Условная стоимость от 150000 ₸."
HK-S00028,Кай Хосино,Вокалист,Алматы,False,True,160000,True,корпоратив|той|юбилей,русский,4,2026-09-24|2026-09-27|2026-10-01|2026-10-04|2026-10-15|2026-10-16|2026-10-17|2026-10-19|2026-10-21|2026-10-26|2026-10-31|2026-11-03|2026-11-04|2026-11-05|2026-11-07|2026-11-12|2026-11-14|2026-11-18|2026-11-30|2026-12-04|2026-12-13|2026-12-14|2026-12-16|2026-12-20|2026-12-21|2026-12-26|2026-12-27|2026-12-28,"Синтетический демонстрационный профиль: Кай Хосино. Категория: Вокалист. Город: Алматы. Услуги: сольный вокал и подбор репертуара под аудиторию. Форматы: корпоратив, той, юбилей. Языки: русский. Продолжительность до 4 ч. Условная стоимость от 160000 ₸."
HK-S00029,Акира Кадзэхара,Кейтеринг,Алматы,False,True,600000,True,корпоратив|конференция|юбилей,русский|казахский,10,2026-09-23|2026-09-28|2026-09-29|2026-10-01|2026-10-02|2026-10-04|2026-10-09|2026-10-12|2026-10-16|2026-10-17|2026-10-18|2026-10-19|2026-10-21|2026-10-24|2026-10-25|2026-10-26|2026-10-27|2026-11-01|2026-11-04|2026-11-05|2026-11-07|2026-11-09|2026-11-10|2026-11-16|2026-11-19|2026-11-20|2026-11-21|2026-11-22|2026-11-23|2026-11-24|2026-11-25|2026-11-26|2026-11-28|2026-11-30|2026-12-02|2026-12-03|2026-12-04|2026-12-05|2026-12-07|2026-12-09|2026-12-14|2026-12-15|2026-12-16|2026-12-17|2026-12-18|2026-12-24|2026-12-26|2026-12-27|2026-12-29|2026-12-30,"Синтетический демонстрационный профиль: Акира Кадзэхара. Категория: Кейтеринг. Город: Алматы. Услуги: выездное питание, фуршет и обслуживание гостей. Форматы: корпоратив, конференция, юбилей. Языки: русский, казахский. Продолжительность до 10 ч. Условная стоимость от 600000 ₸."
HK-S00030,Хару Кадзэхара,Кондитер,Алматы,False,True,95000,True,корпоратив|свадьба|той,русский|казахский,4,2026-09-24|2026-09-25|2026-09-26|2026-09-30|2026-10-02|2026-10-03|2026-10-04|2026-10-05|2026-10-06|2026-10-08|2026-10-15|2026-10-16|2026-10-18|2026-10-19|2026-10-20|2026-10-30|2026-10-31|2026-11-03|2026-11-04|2026-11-05|2026-11-07|2026-11-08|2026-11-09|2026-11-10|2026-11-12|2026-11-13|2026-11-14|2026-11-16|2026-11-20|2026-11-25|2026-12-03|2026-12-06|2026-12-07|2026-12-12|2026-12-18|2026-12-19|2026-12-21|2026-12-24|2026-12-25|2026-12-27|2026-12-29|2026-12-30,"Синтетический демонстрационный профиль: Хару Кадзэхара. Категория: Кондитер. Город: Алматы. Услуги: праздничный торт и десертный стол. Форматы: корпоратив, свадьба, той. Языки: русский, казахский. Продолжительность до 4 ч. Условная стоимость от 95000 ₸."
HK-S00031,Рэн Кадзэхара,Визажист,Алматы,False,True,45000,True,свадьба|день рождения|той,казахский|русский|английский,3,2026-09-24|2026-09-30|2026-10-05|2026-10-06|2026-10-07|2026-10-09|2026-10-14|2026-10-15|2026-10-30|2026-11-01|2026-11-02|2026-11-06|2026-11-09|2026-11-17|2026-11-23|2026-11-24|2026-11-25|2026-11-26|2026-11-27|2026-11-29|2026-11-30|2026-12-05|2026-12-06|2026-12-08|2026-12-09|2026-12-11|2026-12-12|2026-12-31,"Синтетический демонстрационный профиль: Рэн Кадзэхара. Категория: Визажист. Город: Алматы. Услуги: праздничный макияж и подготовка образа. Форматы: свадьба, день рождения, той. Языки: казахский, русский, английский. Продолжительность до 3 ч. Условная стоимость от 45000 ₸."
HK-S00032,Юки Кадзэхара,Стилист по причёскам,Алматы,False,True,50000,True,день рождения|той|свадьба,русский|казахский,2,2026-09-23|2026-09-27|2026-09-28|2026-09-29|2026-10-01|2026-10-03|2026-10-04|2026-10-09|2026-10-10|2026-10-11|2026-10-12|2026-10-13|2026-10-16|2026-10-17|2026-10-18|2026-10-20|2026-10-23|2026-10-24|2026-10-26|2026-10-28|2026-10-31|2026-11-01|2026-11-05|2026-11-08|2026-11-09|2026-11-13|2026-11-14|2026-11-18|2026-11-21|2026-11-22|2026-11-24|2026-11-25|2026-11-26|2026-11-27|2026-11-29|2026-12-01|2026-12-02|2026-12-04|2026-12-05|2026-12-14|2026-12-16|2026-12-19|2026-12-21|2026-12-22|2026-12-23|2026-12-25|2026-12-26|2026-12-27|2026-12-30|2026-12-31,"Синтетический демонстрационный профиль: Юки Кадзэхара. Категория: Стилист по причёскам. Город: Алматы. Услуги: укладка и праздничная причёска. Форматы: день рождения, той, свадьба. Языки: русский, казахский. Продолжительность до 2 ч. Условная стоимость от 50000 ₸."
HK-S00033,Сора Кадзэхара,Звукорежиссёр,Алматы,False,True,215000,True,конференция|юбилей|корпоратив,русский,10,2026-09-23|2026-09-24|2026-09-26|2026-09-27|2026-09-28|2026-09-30|2026-10-01|2026-10-05|2026-10-08|2026-10-11|2026-10-13|2026-10-15|2026-10-22|2026-10-23|2026-10-27|2026-10-28|2026-10-29|2026-10-31|2026-11-02|2026-11-03|2026-11-06|2026-11-09|2026-11-12|2026-11-14|2026-11-19|2026-11-23|2026-11-24|2026-11-26|2026-11-27|2026-11-28|2026-11-29|2026-12-01|2026-12-03|2026-12-10|2026-12-12|2026-12-14|2026-12-17|2026-12-19|2026-12-26|2026-12-29|2026-12-30,"Синтетический демонстрационный профиль: Сора Кадзэхара. Категория: Звукорежиссёр. Город: Алматы. Услуги: настройка звука, саундчек и сопровождение выступлений. Форматы: конференция, юбилей, корпоратив. Языки: русский. Продолжительность до 10 ч. Условная стоимость от 215000 ₸."
HK-S00034,Нао Кадзэхара,Световое оборудование,Алматы,False,True,240000,True,конференция|корпоратив|юбилей,русский,8,2026-09-23|2026-09-28|2026-09-29|2026-10-03|2026-10-04|2026-10-19|2026-10-24|2026-10-26|2026-11-04|2026-11-11|2026-11-13|2026-11-14|2026-11-20|2026-11-22|2026-11-24|2026-11-26|2026-11-30|2026-12-01|2026-12-07|2026-12-08|2026-12-09,"Синтетический демонстрационный профиль: Нао Кадзэхара. Категория: Световое оборудование. Город: Алматы. Услуги: аренда света, монтаж и световое сопровождение. Форматы: конференция, корпоратив, юбилей. Языки: русский. Продолжительность до 8 ч. Условная стоимость от 240000 ₸."
HK-S00035,Рику Кадзэхара,Аниматор,Алматы,False,True,120000,True,свадьба|той|день рождения,русский|казахский,2,2026-09-23|2026-09-29|2026-10-02|2026-10-12|2026-10-14|2026-10-15|2026-10-21|2026-10-22|2026-10-26|2026-10-27|2026-10-29|2026-11-02|2026-11-04|2026-11-06|2026-11-07|2026-11-12|2026-11-27|2026-11-29|2026-11-30|2026-12-02|2026-12-15|2026-12-16|2026-12-17|2026-12-19|2026-12-22|2026-12-29|2026-12-30|2026-12-31,"Синтетический демонстрационный профиль: Рику Кадзэхара. Категория: Аниматор. Город: Алматы. Услуги: игры и интерактивная программа для детей. Форматы: свадьба, той, день рождения. Языки: русский, казахский. Продолжительность до 2 ч. Условная стоимость от 120000 ₸."
HK-S00036,Мио Кадзэхара,Иллюзионист,Алматы,False,True,200000,True,юбилей|той|корпоратив,казахский|русский|английский,2,2026-09-24|2026-09-26|2026-09-27|2026-10-03|2026-10-06|2026-10-07|2026-10-11|2026-10-12|2026-10-13|2026-10-16|2026-10-18|2026-10-19|2026-10-23|2026-10-25|2026-10-26|2026-10-30|2026-11-01|2026-11-17|2026-11-19|2026-11-24|2026-11-26|2026-11-27|2026-12-03|2026-12-05|2026-12-08|2026-12-12|2026-12-14|2026-12-17|2026-12-21|2026-12-22|2026-12-23|2026-12-24|2026-12-26,"Синтетический демонстрационный профиль: Мио Кадзэхара. Категория: Иллюзионист. Город: Алматы. Услуги: сценические иллюзии и микромагия для гостей. Форматы: юбилей, той, корпоратив. Языки: казахский, русский, английский. Продолжительность до 2 ч. Условная стоимость от 200000 ₸."
HK-S00037,Кэй Кадзэхара,Координатор мероприятия,Алматы,False,True,120000,True,конференция|юбилей|свадьба,казахский|русский|английский,6,2026-09-24|2026-09-26|2026-10-05|2026-10-07|2026-10-08|2026-10-10|2026-10-12|2026-10-13|2026-10-17|2026-10-19|2026-10-20|2026-10-29|2026-11-04|2026-11-06|2026-11-11|2026-11-14|2026-11-15|2026-11-22|2026-11-27|2026-12-01|2026-12-08|2026-12-12|2026-12-13|2026-12-15|2026-12-22|2026-12-25|2026-12-26,"Синтетический демонстрационный профиль: Кэй Кадзэхара. Категория: Координатор мероприятия. Город: Алматы. Услуги: контроль тайминга и координация подрядчиков. Форматы: конференция, юбилей, свадьба. Языки: казахский, русский, английский. Продолжительность до 6 ч. Условная стоимость от 120000 ₸."
HK-S00038,Хината Кадзэхара,Транспорт для мероприятий,Алматы,False,True,160000,True,юбилей|корпоратив|конференция,казахский|русский|английский,6,2026-10-04|2026-10-08|2026-10-10|2026-10-11|2026-10-13|2026-10-16|2026-10-19|2026-10-20|2026-10-21|2026-10-26|2026-10-29|2026-10-30|2026-11-07|2026-11-08|2026-11-09|2026-11-21|2026-11-25|2026-11-28|2026-12-01|2026-12-03|2026-12-04|2026-12-06|2026-12-08|2026-12-11|2026-12-13|2026-12-15|2026-12-20|2026-12-22|2026-12-25|2026-12-27|2026-12-30,"Синтетический демонстрационный профиль: Хината Кадзэхара. Категория: Транспорт для мероприятий. Город: Алматы. Услуги: организация трансфера гостей и маршрутов. Форматы: юбилей, корпоратив, конференция. Языки: казахский, русский, английский. Продолжительность до 6 ч. Условная стоимость от 160000 ₸."
HK-S00039,Аой Кадзэхара,Бармен-шоу,Алматы,False,True,270000,True,юбилей|корпоратив|день рождения,русский,4,2026-09-23|2026-09-25|2026-09-28|2026-09-29|2026-09-30|2026-10-09|2026-10-10|2026-10-11|2026-10-12|2026-10-14|2026-10-17|2026-10-18|2026-10-20|2026-10-21|2026-10-26|2026-10-28|2026-10-29|2026-10-30|2026-10-31|2026-11-02|2026-11-03|2026-11-04|2026-11-05|2026-11-08|2026-11-09|2026-11-10|2026-11-13|2026-11-14|2026-11-15|2026-11-17|2026-11-18|2026-11-19|2026-11-20|2026-11-21|2026-11-23|2026-11-24|2026-11-27|2026-11-29|2026-12-02|2026-12-05|2026-12-06|2026-12-07|2026-12-09|2026-12-11|2026-12-12|2026-12-14|2026-12-15|2026-12-26|2026-12-27|2026-12-28,"Синтетический демонстрационный профиль: Аой Кадзэхара. Категория: Бармен-шоу. Город: Алматы. Услуги: барное шоу и приготовление безалкогольных коктейлей. Форматы: юбилей, корпоратив, день рождения. Языки: русский. Продолжительность до 4 ч. Условная стоимость от 270000 ₸."
HK-S00040,Рэй Кадзэхара,Флорист,Астана,False,True,270000,True,той|корпоратив|юбилей,русский|казахский,8,2026-09-24|2026-09-28|2026-10-02|2026-10-03|2026-10-04|2026-10-09|2026-10-10|2026-10-11|2026-10-12|2026-10-18|2026-10-22|2026-10-23|2026-10-24|2026-10-26|2026-10-30|2026-11-02|2026-11-05|2026-11-07|2026-11-10|2026-11-11|2026-11-12|2026-11-26|2026-11-30|2026-12-04|2026-12-11|2026-12-20|2026-12-25|2026-12-29,"Синтетический демонстрационный профиль: Рэй Кадзэхара. Категория: Флорист. Город: Астана. Услуги: цветочные композиции и оформление welcome-зоны. Форматы: той, корпоратив, юбилей. Языки: русский, казахский. Продолжительность до 8 ч. Условная стоимость от 270000 ₸."
HK-S00041,Юна Кадзэхара,Декоратор,Астана,False,True,450000,True,той|день рождения|корпоратив,казахский|русский|английский,4,2026-09-30|2026-10-01|2026-10-03|2026-10-06|2026-10-07|2026-10-16|2026-10-20|2026-10-27|2026-10-28|2026-10-29|2026-10-30|2026-10-31|2026-11-05|2026-11-08|2026-11-12|2026-11-13|2026-11-15|2026-11-28|2026-12-01|2026-12-02|2026-12-05|2026-12-06|2026-12-07|2026-12-15|2026-12-20|2026-12-22|2026-12-28|2026-12-29,"Синтетический демонстрационный профиль: Юна Кадзэхара. Категория: Декоратор. Город: Астана. Услуги: концепция оформления, монтаж и демонтаж декора. Форматы: той, день рождения, корпоратив. Языки: казахский, русский, английский. Продолжительность до 4 ч. Условная стоимость от 450000 ₸."
HK-S00042,Кай Кадзэхара,Подарки и сувениры,Астана,False,True,120000,True,юбилей|свадьба|корпоратив,русский,10,2026-09-25|2026-09-27|2026-09-29|2026-09-30|2026-10-07|2026-10-16|2026-10-18|2026-10-20|2026-10-23|2026-11-01|2026-11-04|2026-11-05|2026-11-07|2026-11-10|2026-11-13|2026-11-18|2026-11-22|2026-11-25|2026-11-28|2026-12-05|2026-12-09|2026-12-11|2026-12-13|2026-12-16|2026-12-17|2026-12-18|2026-12-20|2026-12-22|2026-12-25,"Синтетический демонстрационный профиль: Кай Кадзэхара. Категория: Подарки и сувениры. Город: Астана. Услуги: персонализированные подарки и упаковка для гостей. Форматы: юбилей, свадьба, корпоратив. Языки: русский. Продолжительность до 10 ч. Условная стоимость от 120000 ₸."
HK-S00043,Акира Тсукино,Ведущий церемонии,Астана,False,True,180000,True,свадьба|той,русский|казахский,4,2026-09-29|2026-10-03|2026-10-10|2026-10-11|2026-10-13|2026-10-14|2026-10-15|2026-10-16|2026-10-19|2026-10-24|2026-10-25|2026-10-29|2026-10-31|2026-11-05|2026-11-07|2026-11-13|2026-11-15|2026-11-17|2026-11-19|2026-11-20|2026-11-21|2026-11-22|2026-11-25|2026-11-26|2026-11-29|2026-12-01|2026-12-03|2026-12-07|2026-12-08|2026-12-11|2026-12-12|2026-12-15|2026-12-19|2026-12-23|2026-12-27|2026-12-31,"Синтетический демонстрационный профиль: Акира Тсукино. Категория: Ведущий церемонии. Город: Астана. Услуги: персональный сценарий и проведение церемонии. Форматы: свадьба, той. Языки: русский, казахский. Продолжительность до 4 ч. Условная стоимость от 180000 ₸."
HK-S00044,Хару Тсукино,Инструменталист,Астана,False,True,215000,True,той|свадьба|день рождения,русский,10,2026-09-23|2026-09-27|2026-10-01|2026-10-03|2026-10-07|2026-10-21|2026-10-23|2026-10-25|2026-10-27|2026-10-31|2026-11-04|2026-11-05|2026-11-06|2026-11-07|2026-11-09|2026-11-11|2026-11-12|2026-11-14|2026-11-18|2026-11-19|2026-11-20|2026-11-28|2026-11-29|2026-12-01|2026-12-16|2026-12-20|2026-12-23|2026-12-26|2026-12-29,"Синтетический демонстрационный профиль: Хару Тсукино. Категория: Инструменталист. Город: Астана. Услуги: инструментальное сопровождение и музыка для welcome-зоны. Форматы: той, свадьба, день рождения. Языки: русский. Продолжительность до 10 ч. Условная стоимость от 215000 ₸."
HK-S00045,Рэн Тсукино,Фото и видеобудки,Астана,False,True,200000,True,корпоратив|конференция|свадьба,казахский|русский|английский,4,2026-09-23|2026-09-27|2026-10-06|2026-10-28|2026-11-03|2026-11-08|2026-11-11|2026-11-14|2026-11-20|2026-11-25|2026-11-27|2026-11-29|2026-12-02|2026-12-06|2026-12-07|2026-12-10|2026-12-11|2026-12-12|2026-12-16|2026-12-19,"Синтетический демонстрационный профиль: Рэн Тсукино. Категория: Фото и видеобудки. Город: Астана. Услуги: интерактивная фотозона и выдача цифровых материалов. Форматы: корпоратив, конференция, свадьба. Языки: казахский, русский, английский. Продолжительность до 4 ч. Условная стоимость от 200000 ₸."
HK-S00046,Юки Тсукино,Отель,Астана,False,True,3750000,True,юбилей|свадьба|конференция,казахский|русский|английский,8,2026-09-24|2026-09-26|2026-09-29|2026-09-30|2026-10-06|2026-10-11|2026-10-12|2026-10-13|2026-10-14|2026-10-15|2026-10-17|2026-10-18|2026-10-19|2026-10-21|2026-10-22|2026-10-24|2026-10-25|2026-10-27|2026-10-28|2026-10-31|2026-11-01|2026-11-02|2026-11-03|2026-11-04|2026-11-08|2026-11-10|2026-11-11|2026-11-12|2026-11-14|2026-11-15|2026-11-16|2026-11-17|2026-11-18|2026-11-25|2026-11-26|2026-11-30|2026-12-01|2026-12-03|2026-12-08|2026-12-09|2026-12-11|2026-12-14|2026-12-15|2026-12-17|2026-12-22|2026-12-27|2026-12-29|2026-12-30,"Синтетический демонстрационный профиль: Юки Тсукино. Категория: Отель. Город: Астана. Услуги: площадка для конференций и размещение участников. Форматы: юбилей, свадьба, конференция. Языки: казахский, русский, английский. Продолжительность до 8 ч. Условная стоимость от 3750000 ₸."
HK-S00047,Сора Тсукино,Диджей,Астана,False,True,180000,True,юбилей|свадьба|той,русский|казахский,4,2026-09-24|2026-09-27|2026-10-03|2026-10-04|2026-10-08|2026-10-09|2026-10-14|2026-10-15|2026-10-19|2026-10-23|2026-10-25|2026-10-26|2026-10-27|2026-10-28|2026-10-30|2026-10-31|2026-11-01|2026-11-04|2026-11-05|2026-11-08|2026-11-09|2026-11-10|2026-11-12|2026-11-13|2026-11-14|2026-11-15|2026-11-16|2026-11-17|2026-11-18|2026-11-20|2026-11-22|2026-11-23|2026-11-24|2026-11-30|2026-12-03|2026-12-04|2026-12-05|2026-12-06|2026-12-08|2026-12-09|2026-12-11|2026-12-15|2026-12-17|2026-12-18|2026-12-20|2026-12-24|2026-12-27,"Синтетический демонстрационный профиль: Сора Тсукино. Категория: Диджей. Город: Астана. Услуги: музыкальный сет и согласование плейлиста. Форматы: юбилей, свадьба, той. Языки: русский, казахский. Продолжительность до 4 ч. Условная стоимость от 180000 ₸."
HK-S00048,Нао Тсукино,Вокалист,Астана,False,True,300000,True,той|юбилей|свадьба,русский|казахский,6,2026-09-23|2026-09-24|2026-09-25|2026-09-28|2026-09-30|2026-10-05|2026-10-08|2026-10-11|2026-10-13|2026-10-14|2026-10-17|2026-10-23|2026-10-24|2026-10-27|2026-10-28|2026-11-04|2026-11-05|2026-11-06|2026-11-11|2026-11-16|2026-11-19|2026-11-20|2026-11-23|2026-11-24|2026-11-27|2026-11-28|2026-11-30|2026-12-01|2026-12-09|2026-12-10|2026-12-11|2026-12-12|2026-12-14|2026-12-18|2026-12-19|2026-12-22|2026-12-25|2026-12-26|2026-12-29,"Синтетический демонстрационный профиль: Нао Тсукино. Категория: Вокалист. Город: Астана. Услуги: сольный вокал и подбор репертуара под аудиторию. Форматы: той, юбилей, свадьба. Языки: русский, казахский. Продолжительность до 6 ч. Условная стоимость от 300000 ₸."
HK-S00049,Рику Тсукино,Кейтеринг,Астана,False,True,750000,True,конференция|корпоратив|свадьба,русский,6,2026-09-24|2026-09-27|2026-09-28|2026-09-29|2026-10-04|2026-10-05|2026-10-06|2026-10-07|2026-10-10|2026-10-16|2026-10-20|2026-10-21|2026-10-22|2026-10-23|2026-10-24|2026-10-26|2026-10-28|2026-11-02|2026-11-03|2026-11-04|2026-11-06|2026-11-08|2026-11-09|2026-11-11|2026-11-13|2026-11-14|2026-11-15|2026-11-17|2026-11-21|2026-11-23|2026-11-24|2026-11-26|2026-11-27|2026-11-28|2026-11-29|2026-11-30|2026-12-07|2026-12-10|2026-12-15|2026-12-19|2026-12-20|2026-12-26|2026-12-28|2026-12-29|2026-12-31,"Синтетический демонстрационный профиль: Рику Тсукино. Категория: Кейтеринг. Город: Астана. Услуги: выездное питание, фуршет и обслуживание гостей. Форматы: конференция, корпоратив, свадьба. Языки: русский. Продолжительность до 6 ч. Условная стоимость от 750000 ₸."
HK-S00050,Мио Тсукино,Кондитер,Астана,False,True,120000,True,свадьба|юбилей|той,казахский|русский|английский,10,2026-09-24|2026-09-27|2026-10-07|2026-10-09|2026-10-13|2026-10-17|2026-10-29|2026-11-07|2026-11-08|2026-11-13|2026-11-14|2026-11-15|2026-11-18|2026-11-19|2026-11-23|2026-11-24|2026-11-28|2026-12-03|2026-12-08|2026-12-13|2026-12-16|2026-12-18|2026-12-22|2026-12-31,"Синтетический демонстрационный профиль: Мио Тсукино. Категория: Кондитер. Город: Астана. Услуги: праздничный торт и десертный стол. Форматы: свадьба, юбилей, той. Языки: казахский, русский, английский. Продолжительность до 10 ч. Условная стоимость от 120000 ₸."
HK-S00051,Кэй Тсукино,Визажист,Астана,False,True,45000,True,день рождения|той|свадьба,русский,2,2026-09-27|2026-09-28|2026-09-30|2026-10-02|2026-10-03|2026-10-06|2026-10-08|2026-10-09|2026-10-10|2026-10-11|2026-10-12|2026-10-14|2026-10-20|2026-10-22|2026-10-24|2026-10-28|2026-10-31|2026-11-01|2026-11-05|2026-11-06|2026-11-07|2026-11-08|2026-11-10|2026-11-11|2026-11-12|2026-11-14|2026-11-22|2026-11-29|2026-12-04|2026-12-05|2026-12-06|2026-12-07|2026-12-09|2026-12-11|2026-12-12|2026-12-13|2026-12-16|2026-12-17|2026-12-22|2026-12-23|2026-12-25|2026-12-27|2026-12-29|2026-12-31,"Синтетический демонстрационный профиль: Кэй Тсукино. Категория: Визажист. Город: Астана. Услуги: праздничный макияж и подготовка образа. Форматы: день рождения, той, свадьба. Языки: русский. Продолжительность до 2 ч. Условная стоимость от 45000 ₸."
HK-S00052,Хината Тсукино,Стилист по причёскам,Астана,False,True,40000,True,той|день рождения|свадьба,русский|казахский,4,2026-09-29|2026-10-03|2026-10-07|2026-10-09|2026-10-11|2026-10-12|2026-10-15|2026-10-17|2026-10-19|2026-10-20|2026-10-25|2026-10-27|2026-10-28|2026-10-30|2026-11-02|2026-11-04|2026-11-05|2026-11-09|2026-11-10|2026-11-17|2026-11-18|2026-11-22|2026-11-29|2026-12-04|2026-12-05|2026-12-11|2026-12-14|2026-12-15|2026-12-20|2026-12-22|2026-12-24|2026-12-30,"Синтетический демонстрационный профиль: Хината Тсукино. Категория: Стилист по причёскам. Город: Астана. Услуги: укладка и праздничная причёска. Форматы: той, день рождения, свадьба. Языки: русский, казахский. Продолжительность до 4 ч. Условная стоимость от 40000 ₸."
HK-S00053,Аой Тсукино,Звукорежиссёр,Астана,False,True,180000,True,юбилей|конференция|корпоратив,казахский|русский|английский,4,2026-09-23|2026-09-28|2026-10-01|2026-10-02|2026-10-03|2026-10-05|2026-10-11|2026-10-12|2026-10-28|2026-10-30|2026-10-31|2026-11-01|2026-11-02|2026-11-04|2026-11-07|2026-11-08|2026-11-10|2026-11-13|2026-11-14|2026-11-15|2026-11-16|2026-11-18|2026-11-20|2026-11-21|2026-11-23|2026-11-25|2026-11-26|2026-12-02|2026-12-03|2026-12-09|2026-12-13|2026-12-18|2026-12-21|2026-12-25|2026-12-26|2026-12-28|2026-12-29|2026-12-30|2026-12-31,"Синтетический демонстрационный профиль: Аой Тсукино. Категория: Звукорежиссёр. Город: Астана. Услуги: настройка звука, саундчек и сопровождение выступлений. Форматы: юбилей, конференция, корпоратив. Языки: казахский, русский, английский. Продолжительность до 4 ч. Условная стоимость от 180000 ₸."
HK-S00054,Рэй Тсукино,Световое оборудование,Астана,False,True,360000,True,свадьба|юбилей|конференция,казахский|русский|английский,6,2026-09-26|2026-09-27|2026-09-30|2026-10-05|2026-10-07|2026-10-21|2026-10-24|2026-10-30|2026-11-04|2026-11-09|2026-11-10|2026-11-24|2026-11-26|2026-11-27|2026-12-01|2026-12-03|2026-12-05|2026-12-07|2026-12-08|2026-12-12|2026-12-14|2026-12-16|2026-12-18|2026-12-26|2026-12-28,"Синтетический демонстрационный профиль: Рэй Тсукино. Категория: Световое оборудование. Город: Астана. Услуги: аренда света, монтаж и световое сопровождение. Форматы: свадьба, юбилей, конференция. Языки: казахский, русский, английский. Продолжительность до 6 ч. Условная стоимость от 360000 ₸."
HK-S00055,Юна Тсукино,Аниматор,Астана,False,True,65000,True,день рождения|той|свадьба,русский|казахский,2,2026-09-23|2026-09-24|2026-09-27|2026-09-28|2026-09-29|2026-10-12|2026-10-14|2026-10-15|2026-10-17|2026-10-18|2026-10-20|2026-10-21|2026-10-25|2026-10-27|2026-10-28|2026-10-29|2026-10-30|2026-11-01|2026-11-02|2026-11-03|2026-11-06|2026-11-10|2026-11-14|2026-11-15|2026-11-17|2026-11-18|2026-11-20|2026-11-24|2026-11-26|2026-11-30|2026-12-03|2026-12-04|2026-12-08|2026-12-09|2026-12-12|2026-12-15|2026-12-18|2026-12-19|2026-12-20|2026-12-21|2026-12-22|2026-12-27|2026-12-28|2026-12-30,"Синтетический демонстрационный профиль: Юна Тсукино. Категория: Аниматор. Город: Астана. Услуги: игры и интерактивная программа для детей. Форматы: день рождения, той, свадьба. Языки: русский, казахский. Продолжительность до 2 ч. Условная стоимость от 65000 ₸."
HK-S00056,Кай Тсукино,Иллюзионист,Астана,False,True,200000,True,свадьба|день рождения|той,казахский|русский|английский,4,2026-09-28|2026-10-01|2026-10-02|2026-10-04|2026-10-06|2026-10-09|2026-10-10|2026-10-12|2026-10-19|2026-10-26|2026-10-27|2026-10-30|2026-11-01|2026-11-04|2026-11-06|2026-11-10|2026-11-11|2026-11-18|2026-11-22|2026-11-29|2026-12-09|2026-12-13|2026-12-15|2026-12-18|2026-12-20|2026-12-30,"Синтетический демонстрационный профиль: Кай Тсукино. Категория: Иллюзионист. Город: Астана. Услуги: сценические иллюзии и микромагия для гостей. Форматы: свадьба, день рождения, той. Языки: казахский, русский, английский. Продолжительность до 4 ч. Условная стоимость от 200000 ₸."
HK-S00057,Акира Амано,Координатор мероприятия,Астана,False,True,120000,True,корпоратив|юбилей|свадьба,русский|казахский,4,2026-09-23|2026-09-27|2026-09-28|2026-10-02|2026-10-08|2026-10-12|2026-10-15|2026-10-22|2026-10-24|2026-10-25|2026-10-28|2026-10-30|2026-11-01|2026-11-04|2026-11-05|2026-11-07|2026-11-12|2026-11-13|2026-11-16|2026-11-17|2026-11-18|2026-11-20|2026-11-22|2026-11-25|2026-11-26|2026-11-29|2026-12-01|2026-12-04|2026-12-06|2026-12-07|2026-12-09|2026-12-10|2026-12-14|2026-12-15|2026-12-16|2026-12-20|2026-12-22|2026-12-23|2026-12-26|2026-12-27|2026-12-29|2026-12-30|2026-12-31,"Синтетический демонстрационный профиль: Акира Амано. Категория: Координатор мероприятия. Город: Астана. Услуги: контроль тайминга и координация подрядчиков. Форматы: корпоратив, юбилей, свадьба. Языки: русский, казахский. Продолжительность до 4 ч. Условная стоимость от 120000 ₸."
HK-S00058,Хару Амано,Транспорт для мероприятий,Астана,False,True,240000,True,свадьба|конференция|корпоратив,русский|казахский,10,2026-09-23|2026-09-29|2026-10-04|2026-10-05|2026-10-06|2026-10-07|2026-10-08|2026-10-12|2026-10-13|2026-10-14|2026-10-17|2026-10-19|2026-10-23|2026-10-25|2026-10-27|2026-10-30|2026-11-01|2026-11-06|2026-11-08|2026-11-09|2026-11-13|2026-11-14|2026-11-15|2026-11-20|2026-11-25|2026-11-27|2026-11-28|2026-11-29|2026-11-30|2026-12-01|2026-12-02|2026-12-03|2026-12-05|2026-12-06|2026-12-08|2026-12-10|2026-12-11|2026-12-17|2026-12-18|2026-12-21|2026-12-22|2026-12-24|2026-12-30|2026-12-31,"Синтетический демонстрационный профиль: Хару Амано. Категория: Транспорт для мероприятий. Город: Астана. Услуги: организация трансфера гостей и маршрутов. Форматы: свадьба, конференция, корпоратив. Языки: русский, казахский. Продолжительность до 10 ч. Условная стоимость от 240000 ₸."
HK-S00059,Рэн Амано,Бармен-шоу,Астана,False,True,215000,True,юбилей|той|корпоратив,русский|казахский,2,2026-09-23|2026-09-25|2026-10-01|2026-10-02|2026-10-03|2026-10-04|2026-10-06|2026-10-08|2026-10-09|2026-10-11|2026-10-12|2026-10-13|2026-10-15|2026-10-18|2026-10-20|2026-10-22|2026-10-27|2026-10-28|2026-10-30|2026-10-31|2026-11-02|2026-11-04|2026-11-06|2026-11-09|2026-11-10|2026-11-11|2026-11-12|2026-11-15|2026-11-20|2026-11-21|2026-11-22|2026-11-26|2026-11-27|2026-11-29|2026-12-03|2026-12-04|2026-12-05|2026-12-06|2026-12-07|2026-12-08|2026-12-10|2026-12-13|2026-12-15|2026-12-16|2026-12-18|2026-12-21|2026-12-25|2026-12-28|2026-12-30,"Синтетический демонстрационный профиль: Рэн Амано. Категория: Бармен-шоу. Город: Астана. Услуги: барное шоу и приготовление безалкогольных коктейлей. Форматы: юбилей, той, корпоратив. Языки: русский, казахский. Продолжительность до 2 ч. Условная стоимость от 215000 ₸."
HK-S00060,Юки Амано,Флорист,Алматы,False,True,215000,True,юбилей|свадьба|той,казахский|русский|английский,8,2026-10-01|2026-10-04|2026-10-12|2026-10-14|2026-10-17|2026-10-21|2026-10-22|2026-11-02|2026-11-03|2026-11-13|2026-11-20|2026-11-23|2026-11-27|2026-12-06|2026-12-07|2026-12-18|2026-12-22|2026-12-24|2026-12-27|2026-12-28,"Синтетический демонстрационный профиль: Юки Амано. Категория: Флорист. Город: Алматы. Услуги: цветочные композиции и оформление welcome-зоны. Форматы: юбилей, свадьба, той. Языки: казахский, русский, английский. Продолжительность до 8 ч. Условная стоимость от 215000 ₸."
HK-S00061,Сора Амано,Видеограф,Алматы,False,True,375000,True,корпоратив|конференция|свадьба,русский,4,2026-09-23|2026-09-28|2026-09-29|2026-09-30|2026-10-02|2026-10-03|2026-10-08|2026-10-10|2026-10-11|2026-10-13|2026-10-16|2026-10-18|2026-10-20|2026-10-28|2026-10-29|2026-10-31|2026-11-07|2026-11-09|2026-11-11|2026-11-13|2026-11-15|2026-11-16|2026-11-18|2026-11-20|2026-11-21|2026-11-26|2026-11-29|2026-12-01|2026-12-02|2026-12-04|2026-12-06|2026-12-08|2026-12-11|2026-12-15|2026-12-18|2026-12-19|2026-12-22|2026-12-23|2026-12-27|2026-12-28|2026-12-29|2026-12-31,"Синтетический демонстрационный профиль: Сора Амано. Категория: Видеограф. Город: Алматы. Услуги: видеосъёмка события и монтаж итогового ролика. Форматы: корпоратив, конференция, свадьба. Языки: русский. Продолжительность до 4 ч. Условная стоимость от 375000 ₸."
HK-S00062,Нао Амано,Декоратор,Алматы,False,True,675000,True,свадьба|юбилей|той,русский,10,2026-09-24|2026-09-25|2026-09-28|2026-09-29|2026-10-01|2026-10-02|2026-10-03|2026-10-05|2026-10-06|2026-10-07|2026-10-08|2026-10-13|2026-10-14|2026-10-15|2026-10-25|2026-10-28|2026-10-29|2026-11-01|2026-11-04|2026-11-05|2026-11-07|2026-11-08|2026-11-09|2026-11-11|2026-11-14|2026-11-15|2026-11-16|2026-11-19|2026-11-20|2026-11-21|2026-11-22|2026-11-23|2026-11-24|2026-11-25|2026-11-27|2026-12-04|2026-12-06|2026-12-11|2026-12-12|2026-12-13|2026-12-23|2026-12-24|2026-12-25|2026-12-28|2026-12-30|2026-12-31,"Синтетический демонстрационный профиль: Нао Амано. Категория: Декоратор. Город: Алматы. Услуги: концепция оформления, монтаж и демонтаж декора. Форматы: свадьба, юбилей, той. Языки: русский. Продолжительность до 10 ч. Условная стоимость от 675000 ₸."
HK-S00063,Рику Амано,Подарки и сувениры,Алматы,False,True,150000,True,корпоратив|юбилей|конференция,русский|казахский,4,2026-09-28|2026-09-30|2026-10-03|2026-10-07|2026-10-10|2026-10-20|2026-10-27|2026-10-30|2026-10-31|2026-11-03|2026-11-04|2026-11-10|2026-11-11|2026-11-17|2026-11-18|2026-11-19|2026-11-26|2026-12-03|2026-12-06|2026-12-08|2026-12-09|2026-12-11|2026-12-14|2026-12-15|2026-12-22,"Синтетический демонстрационный профиль: Рику Амано. Категория: Подарки и сувениры. Город: Алматы. Услуги: персонализированные подарки и упаковка для гостей. Форматы: корпоратив, юбилей, конференция. Языки: русский, казахский. Продолжительность до 4 ч. Условная стоимость от 150000 ₸."
HK-S00064,Мио Амано,Ведущий церемонии,Алматы,False,True,225000,True,свадьба|той,русский,3,2026-09-24|2026-09-25|2026-09-27|2026-09-30|2026-10-01|2026-10-02|2026-10-04|2026-10-06|2026-10-10|2026-10-11|2026-10-13|2026-10-16|2026-10-18|2026-10-19|2026-10-24|2026-10-27|2026-10-29|2026-10-30|2026-10-31|2026-11-01|2026-11-04|2026-11-11|2026-11-13|2026-11-15|2026-11-16|2026-11-17|2026-11-18|2026-11-20|2026-11-21|2026-11-22|2026-11-26|2026-11-27|2026-11-30|2026-12-02|2026-12-05|2026-12-11|2026-12-13|2026-12-14|2026-12-16|2026-12-17|2026-12-18|2026-12-19|2026-12-20|2026-12-23|2026-12-25|2026-12-26|2026-12-27|2026-12-29|2026-12-31,"Синтетический демонстрационный профиль: Мио Амано. Категория: Ведущий церемонии. Город: Алматы. Услуги: персональный сценарий и проведение церемонии. Форматы: свадьба, той. Языки: русский. Продолжительность до 3 ч. Условная стоимость от 225000 ₸."
HK-S00065,Кэй Амано,Инструменталист,Алматы,False,True,145000,True,свадьба|день рождения|юбилей,русский|казахский,8,2026-09-24|2026-09-28|2026-09-30|2026-10-01|2026-10-07|2026-10-25|2026-10-26|2026-10-27|2026-10-29|2026-10-30|2026-11-01|2026-11-03|2026-11-09|2026-11-12|2026-11-14|2026-11-15|2026-11-17|2026-11-18|2026-11-19|2026-11-20|2026-11-24|2026-12-01|2026-12-04|2026-12-12|2026-12-14|2026-12-17|2026-12-18|2026-12-23|2026-12-27|2026-12-28|2026-12-30,"Синтетический демонстрационный профиль: Кэй Амано. Категория: Инструменталист. Город: Алматы. Услуги: инструментальное сопровождение и музыка для welcome-зоны. Форматы: свадьба, день рождения, юбилей. Языки: русский, казахский. Продолжительность до 8 ч. Условная стоимость от 145000 ₸."
HK-S00066,Хината Амано,Национальный ансамбль,Алматы,False,True,320000,True,юбилей|той|свадьба,русский|казахский,8,2026-09-27|2026-09-30|2026-10-08|2026-10-10|2026-10-20|2026-10-21|2026-10-23|2026-10-24|2026-10-25|2026-10-26|2026-10-28|2026-11-01|2026-11-03|2026-11-04|2026-11-06|2026-11-12|2026-11-18|2026-11-26|2026-12-03|2026-12-07|2026-12-08|2026-12-15|2026-12-17|2026-12-24|2026-12-27|2026-12-28|2026-12-29,"Синтетический демонстрационный профиль: Хината Амано. Категория: Национальный ансамбль. Город: Алматы. Услуги: традиционная музыка и национальная концертная программа. Форматы: юбилей, той, свадьба. Языки: русский, казахский. Продолжительность до 8 ч. Условная стоимость от 320000 ₸."
HK-S00067,Аой Амано,Танцевальный коллектив,Алматы,False,True,240000,True,юбилей|свадьба|корпоратив,русский,10,2026-09-25|2026-09-27|2026-09-29|2026-10-03|2026-10-05|2026-10-06|2026-10-07|2026-10-12|2026-10-15|2026-10-16|2026-10-17|2026-10-19|2026-10-20|2026-10-22|2026-10-23|2026-10-26|2026-10-28|2026-10-29|2026-11-04|2026-11-08|2026-11-11|2026-11-15|2026-11-18|2026-11-19|2026-11-20|2026-11-21|2026-11-24|2026-11-25|2026-11-26|2026-11-30|2026-12-04|2026-12-06|2026-12-07|2026-12-08|2026-12-12|2026-12-13|2026-12-14|2026-12-15|2026-12-16|2026-12-17|2026-12-18|2026-12-20|2026-12-23|2026-12-25|2026-12-26|2026-12-27|2026-12-28|2026-12-30,"Синтетический демонстрационный профиль: Аой Амано. Категория: Танцевальный коллектив. Город: Алматы. Услуги: постановочные танцевальные номера и выход артистов. Форматы: юбилей, свадьба, корпоратив. Языки: русский. Продолжительность до 10 ч. Условная стоимость от 240000 ₸."
HK-S00068,Рэй Амано,Фото и видеобудки,Алматы,False,True,160000,True,юбилей|свадьба|корпоратив,казахский|русский|английский,4,2026-09-27|2026-10-01|2026-10-04|2026-10-09|2026-10-10|2026-10-13|2026-10-15|2026-10-18|2026-10-20|2026-10-22|2026-10-25|2026-10-26|2026-10-29|2026-10-30|2026-10-31|2026-11-01|2026-11-02|2026-11-03|2026-11-04|2026-11-05|2026-11-07|2026-11-10|2026-11-16|2026-11-17|2026-11-18|2026-11-20|2026-11-24|2026-11-25|2026-12-01|2026-12-05|2026-12-06|2026-12-16|2026-12-18|2026-12-23|2026-12-24|2026-12-26|2026-12-27|2026-12-29|2026-12-30|2026-12-31,"Синтетический демонстрационный профиль: Рэй Амано. Категория: Фото и видеобудки. Город: Алматы. Услуги: интерактивная фотозона и выдача цифровых материалов. Форматы: юбилей, свадьба, корпоратив. Языки: казахский, русский, английский. Продолжительность до 4 ч. Условная стоимость от 160000 ₸."
HK-S00069,Юна Амано,Загородная площадка,Алматы,False,True,1800000,True,корпоратив|юбилей|день рождения,казахский|русский|английский,10,2026-09-25|2026-09-28|2026-09-30|2026-10-02|2026-10-09|2026-10-10|2026-10-12|2026-10-14|2026-10-15|2026-10-16|2026-10-21|2026-10-22|2026-10-29|2026-11-01|2026-11-03|2026-11-05|2026-11-06|2026-11-07|2026-11-10|2026-11-20|2026-11-24|2026-12-02|2026-12-04|2026-12-07|2026-12-08|2026-12-09|2026-12-14|2026-12-18|2026-12-21|2026-12-23|2026-12-28,"Синтетический демонстрационный профиль: Юна Амано. Категория: Загородная площадка. Город: Алматы. Услуги: пространство для выездного события и зона церемонии. Форматы: корпоратив, юбилей, день рождения. Языки: казахский, русский, английский. Продолжительность до 10 ч. Условная стоимость от 1800000 ₸."
HK-S00070,Кай Амано,Отель,Алматы,False,True,2000000,True,юбилей|конференция|корпоратив,русский|казахский,10,2026-09-23|2026-09-28|2026-09-29|2026-10-04|2026-10-07|2026-10-11|2026-10-16|2026-10-24|2026-10-31|2026-11-09|2026-11-15|2026-11-16|2026-11-18|2026-11-19|2026-11-21|2026-11-24|2026-12-01|2026-12-02|2026-12-07|2026-12-09|2026-12-11|2026-12-15|2026-12-16|2026-12-18|2026-12-27|2026-12-28|2026-12-30,"Синтетический демонстрационный профиль: Кай Амано. Категория: Отель. Город: Алматы. Услуги: площадка для конференций и размещение участников. Форматы: юбилей, конференция, корпоратив. Языки: русский, казахский. Продолжительность до 10 ч. Условная стоимость от 2000000 ₸."
HK-S00071,Акира Морикава,Диджей,Алматы,False,True,120000,True,корпоратив|юбилей|той,казахский|русский|английский,8,2026-09-24|2026-09-26|2026-09-28|2026-09-29|2026-09-30|2026-10-02|2026-10-05|2026-10-09|2026-10-10|2026-10-15|2026-10-17|2026-10-19|2026-10-20|2026-10-21|2026-10-24|2026-10-27|2026-11-02|2026-11-03|2026-11-04|2026-11-05|2026-11-09|2026-11-10|2026-11-11|2026-11-14|2026-11-17|2026-11-18|2026-11-19|2026-11-23|2026-11-28|2026-11-30|2026-12-02|2026-12-10|2026-12-12|2026-12-13|2026-12-15|2026-12-16|2026-12-19|2026-12-20|2026-12-21|2026-12-22|2026-12-24|2026-12-25|2026-12-29|2026-12-31,"Синтетический демонстрационный профиль: Акира Морикава. Категория: Диджей. Город: Алматы. Услуги: музыкальный сет и согласование плейлиста. Форматы: корпоратив, юбилей, той. Языки: казахский, русский, английский. Продолжительность до 8 ч. Условная стоимость от 120000 ₸."
HK-S00072,Хару Морикава,Вокалист,Алматы,False,True,200000,True,той|юбилей|свадьба,русский,10,2026-09-23|2026-09-24|2026-09-25|2026-09-28|2026-10-01|2026-10-07|2026-10-09|2026-10-31|2026-11-03|2026-11-06|2026-11-07|2026-11-10|2026-11-11|2026-11-12|2026-11-14|2026-11-28|2026-11-30|2026-12-02|2026-12-05|2026-12-09|2026-12-12|2026-12-16|2026-12-22|2026-12-28|2026-12-30,"Синтетический демонстрационный профиль: Хару Морикава. Категория: Вокалист. Город: Алматы. Услуги: сольный вокал и подбор репертуара под аудиторию. Форматы: той, юбилей, свадьба. Языки: русский. Продолжительность до 10 ч. Условная стоимость от 200000 ₸."
HK-S00073,Рэн Морикава,Кейтеринг,Алматы,False,True,400000,True,юбилей|конференция|свадьба,русский,10,2026-09-24|2026-09-25|2026-09-28|2026-10-03|2026-10-04|2026-10-06|2026-10-07|2026-10-14|2026-10-16|2026-10-19|2026-10-20|2026-10-27|2026-10-31|2026-11-06|2026-11-09|2026-11-12|2026-11-16|2026-11-20|2026-11-27|2026-11-29|2026-11-30|2026-12-03|2026-12-11|2026-12-14|2026-12-15|2026-12-20|2026-12-21|2026-12-23|2026-12-28|2026-12-29|2026-12-31,"Синтетический демонстрационный профиль: Рэн Морикава. Категория: Кейтеринг. Город: Алматы. Услуги: выездное питание, фуршет и обслуживание гостей. Форматы: юбилей, конференция, свадьба. Языки: русский. Продолжительность до 10 ч. Условная стоимость от 400000 ₸."
HK-S00074,Юки Морикава,Кондитер,Алматы,False,True,180000,True,день рождения|юбилей|корпоратив,казахский|русский|английский,4,2026-09-28|2026-09-29|2026-09-30|2026-10-01|2026-10-03|2026-10-13|2026-10-14|2026-10-15|2026-10-16|2026-10-19|2026-10-20|2026-10-21|2026-10-22|2026-10-26|2026-10-29|2026-10-30|2026-10-31|2026-11-03|2026-11-04|2026-11-08|2026-11-09|2026-11-14|2026-11-15|2026-11-16|2026-11-17|2026-11-18|2026-11-20|2026-11-22|2026-11-28|2026-11-29|2026-11-30|2026-12-01|2026-12-08|2026-12-12|2026-12-13|2026-12-15|2026-12-16|2026-12-17|2026-12-20|2026-12-21|2026-12-23|2026-12-24|2026-12-25|2026-12-27,"Синтетический демонстрационный профиль: Юки Морикава. Категория: Кондитер. Город: Алматы. Услуги: праздничный торт и десертный стол. Форматы: день рождения, юбилей, корпоратив. Языки: казахский, русский, английский. Продолжительность до 4 ч. Условная стоимость от 180000 ₸."
HK-S00075,Сора Морикава,Визажист,Алматы,False,True,35000,True,той|день рождения|свадьба,казахский|русский|английский,3,2026-09-23|2026-09-26|2026-10-03|2026-10-07|2026-10-09|2026-10-22|2026-10-27|2026-10-29|2026-10-30|2026-11-02|2026-11-09|2026-11-10|2026-11-11|2026-11-13|2026-11-14|2026-11-15|2026-11-20|2026-11-22|2026-11-29|2026-11-30|2026-12-10|2026-12-12|2026-12-13|2026-12-15|2026-12-22|2026-12-28,"Синтетический демонстрационный профиль: Сора Морикава. Категория: Визажист. Город: Алматы. Услуги: праздничный макияж и подготовка образа. Форматы: той, день рождения, свадьба. Языки: казахский, русский, английский. Продолжительность до 3 ч. Условная стоимость от 35000 ₸."
HK-S00076,Нао Морикава,Стилист по причёскам,Алматы,False,True,40000,True,свадьба|той|день рождения,русский|казахский,3,2026-09-23|2026-10-06|2026-10-07|2026-10-08|2026-10-09|2026-10-23|2026-10-24|2026-10-25|2026-10-27|2026-11-02|2026-11-04|2026-11-09|2026-11-17|2026-11-25|2026-11-27|2026-12-01|2026-12-02|2026-12-04|2026-12-05|2026-12-20|2026-12-21|2026-12-26|2026-12-28|2026-12-29,"Синтетический демонстрационный профиль: Нао Морикава. Категория: Стилист по причёскам. Город: Алматы. Услуги: укладка и праздничная причёска. Форматы: свадьба, той, день рождения. Языки: русский, казахский. Продолжительность до 3 ч. Условная стоимость от 40000 ₸."
HK-S00077,Рику Морикава,Звукорежиссёр,Алматы,False,True,270000,True,свадьба|конференция|корпоратив,русский,4,2026-09-29|2026-09-30|2026-10-01|2026-10-03|2026-10-21|2026-10-25|2026-10-28|2026-10-30|2026-11-04|2026-11-07|2026-11-08|2026-11-15|2026-11-24|2026-11-26|2026-11-27|2026-12-18|2026-12-22|2026-12-26|2026-12-27|2026-12-28|2026-12-31,"Синтетический демонстрационный профиль: Рику Морикава. Категория: Звукорежиссёр. Город: Алматы. Услуги: настройка звука, саундчек и сопровождение выступлений. Форматы: свадьба, конференция, корпоратив. Языки: русский. Продолжительность до 4 ч. Условная стоимость от 270000 ₸."
HK-S00078,Мио Морикава,Световое оборудование,Алматы,False,True,450000,True,корпоратив|конференция|свадьба,русский,8,2026-09-24|2026-09-27|2026-10-10|2026-10-20|2026-10-24|2026-10-29|2026-10-30|2026-11-01|2026-11-13|2026-11-20|2026-11-23|2026-11-29|2026-11-30|2026-12-04|2026-12-09|2026-12-12|2026-12-19|2026-12-23|2026-12-28|2026-12-30,"Синтетический демонстрационный профиль: Мио Морикава. Категория: Световое оборудование. Город: Алматы. Услуги: аренда света, монтаж и световое сопровождение. Форматы: корпоратив, конференция, свадьба. Языки: русский. Продолжительность до 8 ч. Условная стоимость от 450000 ₸."
HK-S00079,Кэй Морикава,Аниматор,Алматы,False,True,65000,True,день рождения|свадьба|той,русский|казахский,4,2026-09-26|2026-10-01|2026-10-02|2026-10-04|2026-10-09|2026-10-12|2026-10-14|2026-10-19|2026-11-02|2026-11-03|2026-11-04|2026-11-08|2026-11-11|2026-11-13|2026-11-15|2026-11-17|2026-11-21|2026-11-22|2026-11-24|2026-11-26|2026-11-27|2026-11-30|2026-12-02|2026-12-05|2026-12-07|2026-12-09|2026-12-11|2026-12-13|2026-12-14|2026-12-17|2026-12-23|2026-12-26|2026-12-30|2026-12-31,"Синтетический демонстрационный профиль: Кэй Морикава. Категория: Аниматор. Город: Алматы. Услуги: игры и интерактивная программа для детей. Форматы: день рождения, свадьба, той. Языки: русский, казахский. Продолжительность до 4 ч. Условная стоимость от 65000 ₸."
HK-S00080,Хината Морикава,Иллюзионист,Алматы,False,True,200000,True,корпоратив|юбилей|день рождения,русский|казахский,4,2026-09-24|2026-09-28|2026-10-01|2026-10-04|2026-10-06|2026-10-08|2026-10-09|2026-10-12|2026-10-14|2026-10-18|2026-10-19|2026-10-25|2026-11-09|2026-11-13|2026-11-17|2026-11-18|2026-11-19|2026-11-20|2026-11-26|2026-11-27|2026-12-04|2026-12-07|2026-12-08|2026-12-09|2026-12-13|2026-12-22|2026-12-25|2026-12-30,"Синтетический демонстрационный профиль: Хината Морикава. Категория: Иллюзионист. Город: Алматы. Услуги: сценические иллюзии и микромагия для гостей. Форматы: корпоратив, юбилей, день рождения. Языки: русский, казахский. Продолжительность до 4 ч. Условная стоимость от 200000 ₸."
HK-S00081,Аой Морикава,Координатор мероприятия,Алматы,False,True,180000,True,конференция|юбилей|свадьба,русский|казахский,8,2026-09-25|2026-10-01|2026-10-07|2026-10-13|2026-10-14|2026-10-16|2026-10-19|2026-10-25|2026-10-28|2026-10-30|2026-11-01|2026-11-06|2026-11-07|2026-11-10|2026-11-11|2026-11-17|2026-11-21|2026-11-25|2026-11-28|2026-12-02|2026-12-03|2026-12-04|2026-12-06|2026-12-09|2026-12-11|2026-12-13|2026-12-14|2026-12-17|2026-12-18|2026-12-29|2026-12-31,"Синтетический демонстрационный профиль: Аой Морикава. Категория: Координатор мероприятия. Город: Алматы. Услуги: контроль тайминга и координация подрядчиков. Форматы: конференция, юбилей, свадьба. Языки: русский, казахский. Продолжительность до 8 ч. Условная стоимость от 180000 ₸."
HK-S00082,Рэй Морикава,Транспорт для мероприятий,Алматы,False,True,160000,True,конференция|юбилей|корпоратив,русский|казахский,8,2026-09-24|2026-09-25|2026-09-26|2026-09-27|2026-09-28|2026-09-30|2026-10-05|2026-10-11|2026-10-12|2026-10-13|2026-10-14|2026-10-20|2026-10-27|2026-10-28|2026-10-29|2026-11-02|2026-11-03|2026-11-05|2026-11-07|2026-11-10|2026-11-12|2026-11-14|2026-11-16|2026-11-17|2026-11-19|2026-11-20|2026-11-22|2026-11-23|2026-12-05|2026-12-07|2026-12-08|2026-12-09|2026-12-12|2026-12-13|2026-12-16|2026-12-17|2026-12-20|2026-12-24|2026-12-26|2026-12-27|2026-12-28|2026-12-29|2026-12-30,"Синтетический демонстрационный профиль: Рэй Морикава. Категория: Транспорт для мероприятий. Город: Алматы. Услуги: организация трансфера гостей и маршрутов. Форматы: конференция, юбилей, корпоратив. Языки: русский, казахский. Продолжительность до 8 ч. Условная стоимость от 160000 ₸."
HK-S00083,Юна Морикава,Бармен-шоу,Алматы,False,True,180000,True,той|юбилей|свадьба,русский|казахский,4,2026-09-23|2026-09-24|2026-09-25|2026-09-27|2026-09-28|2026-09-29|2026-09-30|2026-10-07|2026-10-10|2026-10-11|2026-10-14|2026-10-15|2026-10-16|2026-10-17|2026-10-18|2026-10-19|2026-10-22|2026-10-24|2026-10-27|2026-10-29|2026-11-01|2026-11-02|2026-11-03|2026-11-04|2026-11-09|2026-11-12|2026-11-13|2026-11-14|2026-11-19|2026-11-20|2026-11-21|2026-11-27|2026-11-28|2026-11-29|2026-12-02|2026-12-06|2026-12-09|2026-12-11|2026-12-12|2026-12-14|2026-12-16|2026-12-17|2026-12-18|2026-12-21|2026-12-22|2026-12-25|2026-12-29|2026-12-30|2026-12-31,"Синтетический демонстрационный профиль: Юна Морикава. Категория: Бармен-шоу. Город: Алматы. Услуги: барное шоу и приготовление безалкогольных коктейлей. Форматы: той, юбилей, свадьба. Языки: русский, казахский. Продолжительность до 4 ч. Условная стоимость от 180000 ₸."
HK-S00084,Кай Морикава,Флорист,Астана,False,True,145000,True,свадьба|день рождения|корпоратив,казахский|русский|английский,4,2026-09-24|2026-09-27|2026-09-30|2026-10-06|2026-10-07|2026-10-08|2026-10-10|2026-10-12|2026-10-14|2026-10-22|2026-10-25|2026-10-31|2026-11-04|2026-11-05|2026-11-10|2026-11-11|2026-11-12|2026-11-16|2026-11-22|2026-11-29|2026-11-30|2026-12-01|2026-12-02|2026-12-05|2026-12-06|2026-12-09|2026-12-13|2026-12-14|2026-12-16|2026-12-20|2026-12-24|2026-12-28|2026-12-31,"Синтетический демонстрационный профиль: Кай Морикава. Категория: Флорист. Город: Астана. Услуги: цветочные композиции и оформление welcome-зоны. Форматы: свадьба, день рождения, корпоратив. Языки: казахский, русский, английский. Продолжительность до 4 ч. Условная стоимость от 145000 ₸."
HK-S00085,Акира Сиракава,Видеограф,Астана,False,True,200000,True,свадьба|юбилей|конференция,русский,8,2026-09-24|2026-09-28|2026-10-02|2026-10-03|2026-10-08|2026-10-10|2026-10-19|2026-10-20|2026-10-21|2026-10-22|2026-10-29|2026-11-03|2026-11-04|2026-11-07|2026-11-08|2026-11-09|2026-11-16|2026-11-17|2026-11-19|2026-11-25|2026-11-30|2026-12-03|2026-12-05|2026-12-08|2026-12-09|2026-12-14|2026-12-15|2026-12-16|2026-12-23|2026-12-25|2026-12-26,"Синтетический демонстрационный профиль: Акира Сиракава. Категория: Видеограф. Город: Астана. Услуги: видеосъёмка события и монтаж итогового ролика. Форматы: свадьба, юбилей, конференция. Языки: русский. Продолжительность до 8 ч. Условная стоимость от 200000 ₸."
HK-S00086,Хару Сиракава,Декоратор,Астана,False,True,450000,True,корпоратив|день рождения|юбилей,русский|казахский,4,2026-09-24|2026-09-25|2026-09-26|2026-09-28|2026-09-29|2026-09-30|2026-10-01|2026-10-06|2026-10-07|2026-10-08|2026-10-09|2026-10-11|2026-10-15|2026-10-16|2026-10-17|2026-10-24|2026-10-29|2026-11-01|2026-11-02|2026-11-05|2026-11-06|2026-11-07|2026-11-11|2026-11-13|2026-11-16|2026-11-21|2026-11-22|2026-11-23|2026-11-27|2026-11-28|2026-12-02|2026-12-04|2026-12-05|2026-12-06|2026-12-07|2026-12-08|2026-12-09|2026-12-10|2026-12-11|2026-12-14|2026-12-15|2026-12-16|2026-12-21|2026-12-25|2026-12-28|2026-12-31,"Синтетический демонстрационный профиль: Хару Сиракава. Категория: Декоратор. Город: Астана. Услуги: концепция оформления, монтаж и демонтаж декора. Форматы: корпоратив, день рождения, юбилей. Языки: русский, казахский. Продолжительность до 4 ч. Условная стоимость от 450000 ₸."
HK-S00087,Рэн Сиракава,Подарки и сувениры,Астана,False,True,80000,True,конференция|юбилей|корпоратив,казахский|русский|английский,8,2026-09-24|2026-09-26|2026-09-29|2026-09-30|2026-10-02|2026-10-03|2026-10-05|2026-10-09|2026-10-13|2026-10-16|2026-10-17|2026-10-23|2026-10-26|2026-10-27|2026-10-30|2026-11-03|2026-11-05|2026-11-06|2026-11-07|2026-11-08|2026-11-09|2026-11-11|2026-11-13|2026-11-14|2026-11-24|2026-12-07|2026-12-09|2026-12-10|2026-12-12|2026-12-27|2026-12-28|2026-12-31,"Синтетический демонстрационный профиль: Рэн Сиракава. Категория: Подарки и сувениры. Город: Астана. Услуги: персонализированные подарки и упаковка для гостей. Форматы: конференция, юбилей, корпоратив. Языки: казахский, русский, английский. Продолжительность до 8 ч. Условная стоимость от 80000 ₸."
HK-S00088,Юки Сиракава,Ведущий церемонии,Астана,False,True,150000,True,той|свадьба,казахский|русский|английский,2,2026-09-23|2026-09-26|2026-09-27|2026-09-28|2026-10-02|2026-10-06|2026-10-10|2026-10-13|2026-10-19|2026-10-24|2026-10-27|2026-10-29|2026-10-31|2026-11-03|2026-11-04|2026-11-05|2026-11-06|2026-11-07|2026-11-11|2026-11-13|2026-11-17|2026-11-24|2026-11-28|2026-12-01|2026-12-02|2026-12-05|2026-12-10|2026-12-11|2026-12-14|2026-12-19|2026-12-20|2026-12-21|2026-12-25,"Синтетический демонстрационный профиль: Юки Сиракава. Категория: Ведущий церемонии. Город: Астана. Услуги: персональный сценарий и проведение церемонии. Форматы: той, свадьба. Языки: казахский, русский, английский. Продолжительность до 2 ч. Условная стоимость от 150000 ₸."
HK-S00089,Сора Сиракава,Инструменталист,Астана,False,True,180000,True,свадьба|день рождения|корпоратив,казахский|русский|английский,8,2026-09-26|2026-10-04|2026-10-07|2026-10-11|2026-10-14|2026-10-15|2026-10-18|2026-10-29|2026-10-31|2026-11-02|2026-11-05|2026-11-07|2026-11-19|2026-11-22|2026-11-26|2026-12-01|2026-12-07|2026-12-10|2026-12-11|2026-12-13|2026-12-14|2026-12-16|2026-12-19|2026-12-23|2026-12-27|2026-12-29,"Синтетический демонстрационный профиль: Сора Сиракава. Категория: Инструменталист. Город: Астана. Услуги: инструментальное сопровождение и музыка для welcome-зоны. Форматы: свадьба, день рождения, корпоратив. Языки: казахский, русский, английский. Продолжительность до 8 ч. Условная стоимость от 180000 ₸."
HK-S00090,Нао Сиракава,Лайв-бэнд,Астана,False,True,600000,True,юбилей|той|корпоратив,казахский|русский|английский,8,2026-10-05|2026-10-12|2026-10-14|2026-10-15|2026-10-21|2026-10-26|2026-10-27|2026-10-28|2026-11-01|2026-11-02|2026-11-03|2026-11-05|2026-11-17|2026-11-28|2026-12-03|2026-12-07|2026-12-10|2026-12-13|2026-12-14|2026-12-19|2026-12-25,"Синтетический демонстрационный профиль: Нао Сиракава. Категория: Лайв-бэнд. Город: Астана. Услуги: живое исполнение ретро-хитов и современных композиций. Форматы: юбилей, той, корпоратив. Языки: казахский, русский, английский. Продолжительность до 8 ч. Условная стоимость от 600000 ₸."
HK-S00091,Рику Сиракава,Национальный ансамбль,Астана,False,True,320000,True,юбилей|той|свадьба,русский,8,2026-10-04|2026-10-05|2026-10-12|2026-10-14|2026-10-15|2026-10-16|2026-10-18|2026-10-19|2026-10-20|2026-10-23|2026-10-28|2026-10-29|2026-11-07|2026-11-11|2026-11-16|2026-11-19|2026-11-20|2026-11-26|2026-11-27|2026-11-28|2026-12-02|2026-12-04|2026-12-06|2026-12-09|2026-12-11|2026-12-12|2026-12-21|2026-12-25|2026-12-29|2026-12-30|2026-12-31,"Синтетический демонстрационный профиль: Рику Сиракава. Категория: Национальный ансамбль. Город: Астана. Услуги: традиционная музыка и национальная концертная программа. Форматы: юбилей, той, свадьба. Языки: русский. Продолжительность до 8 ч. Условная стоимость от 320000 ₸."
HK-S00092,Мио Сиракава,Танцевальный коллектив,Астана,False,True,300000,True,свадьба|день рождения|корпоратив,казахский|русский|английский,4,2026-10-02|2026-10-09|2026-10-13|2026-10-16|2026-10-20|2026-10-23|2026-11-03|2026-11-04|2026-11-11|2026-11-17|2026-11-20|2026-11-23|2026-11-25|2026-11-29|2026-12-03|2026-12-04|2026-12-09|2026-12-11|2026-12-14|2026-12-17|2026-12-18|2026-12-21|2026-12-25,"Синтетический демонстрационный профиль: Мио Сиракава. Категория: Танцевальный коллектив. Город: Астана. Услуги: постановочные танцевальные номера и выход артистов. Форматы: свадьба, день рождения, корпоратив. Языки: казахский, русский, английский. Продолжительность до 4 ч. Условная стоимость от 300000 ₸."
HK-S00093,Кэй Сиракава,Шоу-программа,Астана,False,True,525000,True,свадьба|юбилей|корпоратив,русский,6,2026-09-23|2026-09-27|2026-09-28|2026-10-01|2026-10-03|2026-10-06|2026-10-07|2026-10-08|2026-10-11|2026-10-17|2026-10-27|2026-10-31|2026-11-03|2026-11-04|2026-11-05|2026-11-07|2026-11-08|2026-11-11|2026-11-13|2026-11-18|2026-11-19|2026-11-21|2026-12-01|2026-12-08|2026-12-09|2026-12-13|2026-12-14|2026-12-19|2026-12-25|2026-12-30,"Синтетический демонстрационный профиль: Кэй Сиракава. Категория: Шоу-программа. Город: Астана. Услуги: сценические номера и интерактивная программа. Форматы: свадьба, юбилей, корпоратив. Языки: русский. Продолжительность до 6 ч. Условная стоимость от 525000 ₸."
HK-S00094,Хината Сиракава,Фото и видеобудки,Астана,False,True,300000,True,свадьба|корпоратив|конференция,русский|казахский,4,2026-09-25|2026-09-26|2026-09-28|2026-09-29|2026-10-02|2026-10-10|2026-10-17|2026-10-19|2026-10-20|2026-10-23|2026-10-26|2026-10-29|2026-11-01|2026-11-03|2026-11-05|2026-11-09|2026-11-11|2026-11-12|2026-11-16|2026-11-18|2026-11-24|2026-11-28|2026-12-05|2026-12-09|2026-12-11|2026-12-15|2026-12-18|2026-12-19|2026-12-23|2026-12-27|2026-12-28|2026-12-29|2026-12-30|2026-12-31,"Синтетический демонстрационный профиль: Хината Сиракава. Категория: Фото и видеобудки. Город: Астана. Услуги: интерактивная фотозона и выдача цифровых материалов. Форматы: свадьба, корпоратив, конференция. Языки: русский, казахский. Продолжительность до 4 ч. Условная стоимость от 300000 ₸."
HK-S00095,Аой Сиракава,Загородная площадка,Астана,False,True,1500000,True,той|день рождения|юбилей,казахский|русский|английский,6,2026-09-23|2026-09-24|2026-09-25|2026-09-26|2026-09-27|2026-09-28|2026-09-30|2026-10-02|2026-10-03|2026-10-07|2026-10-14|2026-10-15|2026-10-16|2026-10-17|2026-10-24|2026-10-26|2026-10-27|2026-10-28|2026-10-30|2026-11-01|2026-11-02|2026-11-03|2026-11-04|2026-11-14|2026-11-17|2026-11-18|2026-11-21|2026-11-22|2026-11-23|2026-11-24|2026-11-25|2026-11-26|2026-11-29|2026-12-01|2026-12-08|2026-12-13|2026-12-14|2026-12-16|2026-12-18|2026-12-25|2026-12-28|2026-12-31,"Синтетический демонстрационный профиль: Аой Сиракава. Категория: Загородная площадка. Город: Астана. Услуги: пространство для выездного события и зона церемонии. Форматы: той, день рождения, юбилей. Языки: казахский, русский, английский. Продолжительность до 6 ч. Условная стоимость от 1500000 ₸."
HK-S00096,Рэй Сиракава,Отель,Астана,False,True,3750000,True,юбилей|конференция|корпоратив,казахский|русский|английский,10,2026-09-30|2026-10-01|2026-10-02|2026-10-03|2026-10-05|2026-10-22|2026-10-24|2026-10-27|2026-11-03|2026-11-06|2026-11-13|2026-11-14|2026-11-16|2026-11-22|2026-11-27|2026-11-29|2026-11-30|2026-12-03|2026-12-05|2026-12-06|2026-12-15|2026-12-19|2026-12-20,"Синтетический демонстрационный профиль: Рэй Сиракава. Категория: Отель. Город: Астана. Услуги: площадка для конференций и размещение участников. Форматы: юбилей, конференция, корпоратив. Языки: казахский, русский, английский. Продолжительность до 10 ч. Условная стоимость от 3750000 ₸."
HK-S00097,Юна Сиракава,Диджей,Астана,False,True,150000,True,корпоратив|той|юбилей,русский|казахский,4,2026-09-27|2026-09-28|2026-10-02|2026-10-05|2026-10-10|2026-11-03|2026-11-05|2026-11-06|2026-11-08|2026-11-16|2026-11-23|2026-12-01|2026-12-05|2026-12-06|2026-12-11|2026-12-13|2026-12-15|2026-12-18|2026-12-20|2026-12-22|2026-12-23|2026-12-26|2026-12-30,"Синтетический демонстрационный профиль: Юна Сиракава. Категория: Диджей. Город: Астана. Услуги: музыкальный сет и согласование плейлиста. Форматы: корпоратив, той, юбилей. Языки: русский, казахский. Продолжительность до 4 ч. Условная стоимость от 150000 ₸."
HK-S00098,Кай Сиракава,Вокалист,Астана,False,True,160000,True,корпоратив|свадьба|день рождения,русский,8,2026-09-25|2026-09-27|2026-10-05|2026-10-09|2026-10-10|2026-10-11|2026-10-14|2026-10-23|2026-10-25|2026-10-28|2026-10-31|2026-11-03|2026-11-08|2026-11-09|2026-11-11|2026-11-12|2026-11-13|2026-11-19|2026-11-26|2026-11-28|2026-12-02|2026-12-05|2026-12-12|2026-12-13|2026-12-18|2026-12-21|2026-12-22|2026-12-23|2026-12-25|2026-12-26|2026-12-28|2026-12-30,"Синтетический демонстрационный профиль: Кай Сиракава. Категория: Вокалист. Город: Астана. Услуги: сольный вокал и подбор репертуара под аудиторию. Форматы: корпоратив, свадьба, день рождения. Языки: русский. Продолжительность до 8 ч. Условная стоимость от 160000 ₸."
HK-S00099,Акира Такахара,Кейтеринг,Астана,False,True,600000,True,корпоратив|свадьба|конференция,русский|казахский,4,2026-09-23|2026-09-28|2026-10-02|2026-10-06|2026-10-10|2026-10-12|2026-10-19|2026-10-20|2026-10-22|2026-10-24|2026-10-28|2026-10-29|2026-11-06|2026-11-07|2026-11-10|2026-11-12|2026-11-16|2026-11-25|2026-11-29|2026-12-02|2026-12-19|2026-12-20|2026-12-26|2026-12-27|2026-12-29|2026-12-31,"Синтетический демонстрационный профиль: Акира Такахара. Категория: Кейтеринг. Город: Астана. Услуги: выездное питание, фуршет и обслуживание гостей. Форматы: корпоратив, свадьба, конференция. Языки: русский, казахский. Продолжительность до 4 ч. Условная стоимость от 600000 ₸."
HK-S00100,Хару Такахара,Кондитер,Астана,False,True,145000,True,той|свадьба|юбилей,казахский|русский|английский,10,2026-09-24|2026-09-25|2026-10-01|2026-10-02|2026-10-07|2026-10-09|2026-10-10|2026-10-18|2026-10-24|2026-10-25|2026-11-01|2026-11-03|2026-11-06|2026-11-07|2026-11-09|2026-11-13|2026-11-22|2026-11-23|2026-11-27|2026-11-29|2026-11-30|2026-12-03|2026-12-06|2026-12-09|2026-12-14|2026-12-22|2026-12-26,"Синтетический демонстрационный профиль: Хару Такахара. Категория: Кондитер. Город: Астана. Услуги: праздничный торт и десертный стол. Форматы: той, свадьба, юбилей. Языки: казахский, русский, английский. Продолжительность до 10 ч. Условная стоимость от 145000 ₸."
HK-S00101,Рэн Такахара,Визажист,Астана,False,True,35000,True,день рождения|свадьба|той,казахский|русский|английский,3,2026-09-26|2026-09-27|2026-09-28|2026-09-29|2026-10-06|2026-10-08|2026-10-11|2026-10-12|2026-10-13|2026-10-17|2026-10-20|2026-10-25|2026-10-26|2026-10-28|2026-10-31|2026-11-03|2026-11-05|2026-11-07|2026-11-09|2026-11-10|2026-11-11|2026-11-13|2026-11-18|2026-11-20|2026-11-22|2026-11-24|2026-11-27|2026-11-28|2026-12-01|2026-12-02|2026-12-03|2026-12-08|2026-12-10|2026-12-11|2026-12-13|2026-12-14|2026-12-17|2026-12-21|2026-12-22|2026-12-24|2026-12-28,"Синтетический демонстрационный профиль: Рэн Такахара. Категория: Визажист. Город: Астана. Услуги: праздничный макияж и подготовка образа. Форматы: день рождения, свадьба, той. Языки: казахский, русский, английский. Продолжительность до 3 ч. Условная стоимость от 35000 ₸."
HK-S00102,Юки Такахара,Стилист по причёскам,Астана,False,True,50000,True,день рождения|свадьба|той,русский,4,2026-09-25|2026-09-27|2026-10-03|2026-10-04|2026-10-05|2026-10-06|2026-10-08|2026-10-12|2026-10-13|2026-10-22|2026-10-25|2026-10-27|2026-11-05|2026-11-07|2026-11-09|2026-11-16|2026-11-17|2026-11-18|2026-11-24|2026-11-28|2026-12-08|2026-12-09|2026-12-10|2026-12-14|2026-12-18|2026-12-21|2026-12-30,"Синтетический демонстрационный профиль: Юки Такахара. Категория: Стилист по причёскам. Город: Астана. Услуги: укладка и праздничная причёска. Форматы: день рождения, свадьба, той. Языки: русский. Продолжительность до 4 ч. Условная стоимость от 50000 ₸."
HK-S00103,Сора Такахара,Звукорежиссёр,Астана,False,True,145000,True,юбилей|конференция|свадьба,казахский|русский|английский,6,2026-09-24|2026-09-29|2026-10-01|2026-10-04|2026-10-05|2026-10-06|2026-10-13|2026-10-14|2026-10-15|2026-10-16|2026-10-21|2026-10-22|2026-10-26|2026-10-31|2026-11-03|2026-11-04|2026-11-06|2026-11-07|2026-11-08|2026-11-12|2026-11-13|2026-11-15|2026-11-16|2026-11-19|2026-11-23|2026-11-25|2026-11-29|2026-12-05|2026-12-06|2026-12-08|2026-12-09|2026-12-11|2026-12-14|2026-12-17|2026-12-18|2026-12-28|2026-12-31,"Синтетический демонстрационный профиль: Сора Такахара. Категория: Звукорежиссёр. Город: Астана. Услуги: настройка звука, саундчек и сопровождение выступлений. Форматы: юбилей, конференция, свадьба. Языки: казахский, русский, английский. Продолжительность до 6 ч. Условная стоимость от 145000 ₸."
HK-S00104,Нао Такахара,Световое оборудование,Астана,False,True,240000,True,свадьба|юбилей|корпоратив,русский,6,2026-09-27|2026-09-29|2026-09-30|2026-10-01|2026-10-06|2026-10-08|2026-10-10|2026-10-11|2026-10-14|2026-10-18|2026-10-25|2026-10-26|2026-10-27|2026-11-02|2026-11-03|2026-11-05|2026-11-19|2026-11-25|2026-11-28|2026-11-30|2026-12-02|2026-12-03|2026-12-04|2026-12-10|2026-12-17|2026-12-22|2026-12-25|2026-12-31,"Синтетический демонстрационный профиль: Нао Такахара. Категория: Световое оборудование. Город: Астана. Услуги: аренда света, монтаж и световое сопровождение. Форматы: свадьба, юбилей, корпоратив. Языки: русский. Продолжительность до 6 ч. Условная стоимость от 240000 ₸."
HK-S00105,Рику Такахара,Аниматор,Астана,False,True,80000,True,свадьба|день рождения|той,русский|казахский,3,2026-09-24|2026-09-25|2026-10-01|2026-10-07|2026-10-10|2026-10-11|2026-10-13|2026-10-17|2026-10-19|2026-10-20|2026-10-24|2026-10-26|2026-10-27|2026-10-30|2026-11-02|2026-11-04|2026-11-08|2026-11-09|2026-11-10|2026-11-17|2026-11-21|2026-11-27|2026-11-29|2026-12-05|2026-12-06|2026-12-07|2026-12-09|2026-12-14|2026-12-15|2026-12-19|2026-12-22|2026-12-23|2026-12-24,"Синтетический демонстрационный профиль: Рику Такахара. Категория: Аниматор. Город: Астана. Услуги: игры и интерактивная программа для детей. Форматы: свадьба, день рождения, той. Языки: русский, казахский. Продолжительность до 3 ч. Условная стоимость от 80000 ₸."
HK-S00106,Мио Такахара,Иллюзионист,Астана,False,True,160000,True,свадьба|той|юбилей,казахский|русский|английский,4,2026-10-05|2026-10-07|2026-10-08|2026-10-10|2026-10-12|2026-10-14|2026-10-18|2026-10-19|2026-10-22|2026-10-26|2026-10-29|2026-10-30|2026-11-01|2026-11-03|2026-11-05|2026-11-06|2026-11-16|2026-11-17|2026-11-18|2026-11-21|2026-11-22|2026-11-23|2026-11-25|2026-11-28|2026-11-30|2026-12-03|2026-12-06|2026-12-07|2026-12-08|2026-12-09|2026-12-13|2026-12-15|2026-12-16|2026-12-19|2026-12-24|2026-12-27|2026-12-29|2026-12-30,"Синтетический демонстрационный профиль: Мио Такахара. Категория: Иллюзионист. Город: Астана. Услуги: сценические иллюзии и микромагия для гостей. Форматы: свадьба, той, юбилей. Языки: казахский, русский, английский. Продолжительность до 4 ч. Условная стоимость от 160000 ₸."
HK-S00107,Кэй Такахара,Координатор мероприятия,Астана,False,True,180000,True,юбилей|свадьба|корпоратив,русский|казахский,8,2026-09-23|2026-09-25|2026-09-27|2026-09-29|2026-10-04|2026-10-05|2026-10-07|2026-10-09|2026-10-10|2026-10-12|2026-10-13|2026-10-14|2026-10-15|2026-10-18|2026-10-19|2026-10-21|2026-10-22|2026-10-23|2026-10-25|2026-10-30|2026-10-31|2026-11-01|2026-11-08|2026-11-10|2026-11-12|2026-11-13|2026-11-14|2026-11-15|2026-11-20|2026-11-23|2026-11-24|2026-11-26|2026-11-28|2026-12-08|2026-12-10|2026-12-11|2026-12-14|2026-12-22|2026-12-23|2026-12-24|2026-12-26|2026-12-27|2026-12-29|2026-12-30|2026-12-31,"Синтетический демонстрационный профиль: Кэй Такахара. Категория: Координатор мероприятия. Город: Астана. Услуги: контроль тайминга и координация подрядчиков. Форматы: юбилей, свадьба, корпоратив. Языки: русский, казахский. Продолжительность до 8 ч. Условная стоимость от 180000 ₸."
HK-S00108,Хината Такахара,Транспорт для мероприятий,Астана,False,True,160000,True,юбилей|корпоратив|конференция,русский,10,2026-09-30|2026-10-02|2026-10-03|2026-10-04|2026-10-05|2026-10-06|2026-10-10|2026-10-19|2026-10-22|2026-10-27|2026-10-29|2026-10-31|2026-11-01|2026-11-03|2026-11-04|2026-11-06|2026-11-08|2026-11-09|2026-11-12|2026-12-02|2026-12-05|2026-12-06|2026-12-09|2026-12-13|2026-12-17|2026-12-22|2026-12-24|2026-12-25|2026-12-26|2026-12-27,"Синтетический демонстрационный профиль: Хината Такахара. Категория: Транспорт для мероприятий. Город: Астана. Услуги: организация трансфера гостей и маршрутов. Форматы: юбилей, корпоратив, конференция. Языки: русский. Продолжительность до 10 ч. Условная стоимость от 160000 ₸."
HK-S00109,Аой Такахара,Бармен-шоу,Астана,False,True,180000,True,свадьба|день рождения|той,русский,3,2026-09-26|2026-09-27|2026-09-30|2026-10-02|2026-10-03|2026-10-08|2026-10-09|2026-10-10|2026-10-12|2026-10-14|2026-10-16|2026-10-17|2026-10-18|2026-10-22|2026-10-24|2026-10-26|2026-10-30|2026-10-31|2026-11-08|2026-11-11|2026-11-13|2026-11-15|2026-11-16|2026-11-17|2026-11-20|2026-11-21|2026-11-23|2026-11-27|2026-11-30|2026-12-04|2026-12-07|2026-12-08|2026-12-12|2026-12-14|2026-12-16|2026-12-19|2026-12-20|2026-12-23|2026-12-25|2026-12-26|2026-12-28|2026-12-31,"Синтетический демонстрационный профиль: Аой Такахара. Категория: Бармен-шоу. Город: Астана. Услуги: барное шоу и приготовление безалкогольных коктейлей. Форматы: свадьба, день рождения, той. Языки: русский. Продолжительность до 3 ч. Условная стоимость от 180000 ₸."
HK-S00110,Рэй Такахара,Флорист,Алматы,False,True,270000,True,корпоратив|юбилей|день рождения,русский|казахский,10,2026-09-28|2026-10-06|2026-10-10|2026-10-11|2026-10-18|2026-10-19|2026-10-21|2026-10-22|2026-10-31|2026-11-03|2026-11-06|2026-11-08|2026-11-09|2026-11-18|2026-11-25|2026-11-26|2026-11-28|2026-12-01|2026-12-03|2026-12-04|2026-12-05|2026-12-07|2026-12-18|2026-12-30,"Синтетический демонстрационный профиль: Рэй Такахара. Категория: Флорист. Город: Алматы. Услуги: цветочные композиции и оформление welcome-зоны. Форматы: корпоратив, юбилей, день рождения. Языки: русский, казахский. Продолжительность до 10 ч. Условная стоимость от 270000 ₸."
HK-S00111,Юна Такахара,Видеограф,Алматы,False,True,375000,True,конференция|свадьба|юбилей,русский|казахский,8,2026-09-24|2026-09-27|2026-09-30|2026-10-02|2026-10-03|2026-10-08|2026-10-10|2026-10-11|2026-10-15|2026-10-16|2026-10-18|2026-10-19|2026-10-20|2026-10-21|2026-10-23|2026-10-25|2026-10-29|2026-10-31|2026-11-01|2026-11-04|2026-11-06|2026-11-07|2026-11-09|2026-11-14|2026-11-18|2026-11-19|2026-11-24|2026-12-03|2026-12-06|2026-12-08|2026-12-09|2026-12-13|2026-12-14|2026-12-15|2026-12-17|2026-12-18|2026-12-19|2026-12-24|2026-12-27|2026-12-28|2026-12-31,"Синтетический демонстрационный профиль: Юна Такахара. Категория: Видеограф. Город: Алматы. Услуги: видеосъёмка события и монтаж итогового ролика. Форматы: конференция, свадьба, юбилей. Языки: русский, казахский. Продолжительность до 8 ч. Условная стоимость от 375000 ₸."
HK-S00112,Кай Такахара,Декоратор,Алматы,False,True,450000,True,день рождения|корпоратив|юбилей,русский|казахский,10,2026-09-24|2026-09-26|2026-09-29|2026-10-01|2026-10-02|2026-10-03|2026-10-04|2026-10-05|2026-10-06|2026-10-07|2026-10-08|2026-10-09|2026-10-10|2026-10-13|2026-10-14|2026-10-16|2026-10-19|2026-10-20|2026-10-21|2026-10-23|2026-10-27|2026-11-01|2026-11-05|2026-11-06|2026-11-07|2026-11-08|2026-11-10|2026-11-11|2026-11-13|2026-11-17|2026-11-18|2026-11-19|2026-11-21|2026-11-23|2026-11-24|2026-11-25|2026-11-27|2026-12-04|2026-12-05|2026-12-06|2026-12-08|2026-12-09|2026-12-12|2026-12-19|2026-12-22|2026-12-25|2026-12-27|2026-12-28,"Синтетический демонстрационный профиль: Кай Такахара. Категория: Декоратор. Город: Алматы. Услуги: концепция оформления, монтаж и демонтаж декора. Форматы: день рождения, корпоратив, юбилей. Языки: русский, казахский. Продолжительность до 10 ч. Условная стоимость от 450000 ₸."
HK-S00113,Акира Фудзисаки,Подарки и сувениры,Алматы,False,True,120000,True,конференция|юбилей|корпоратив,русский,4,2026-09-23|2026-09-25|2026-09-27|2026-10-02|2026-10-05|2026-10-06|2026-10-07|2026-10-09|2026-10-11|2026-10-13|2026-10-14|2026-10-15|2026-10-17|2026-10-19|2026-10-20|2026-10-21|2026-10-22|2026-10-24|2026-10-25|2026-10-29|2026-11-01|2026-11-02|2026-11-04|2026-11-06|2026-11-07|2026-11-09|2026-11-12|2026-11-23|2026-11-26|2026-11-28|2026-12-01|2026-12-04|2026-12-05|2026-12-06|2026-12-12|2026-12-15|2026-12-16|2026-12-19|2026-12-20|2026-12-21|2026-12-22|2026-12-23|2026-12-24|2026-12-26|2026-12-27|2026-12-30|2026-12-31,"Синтетический демонстрационный профиль: Акира Фудзисаки. Категория: Подарки и сувениры. Город: Алматы. Услуги: персонализированные подарки и упаковка для гостей. Форматы: конференция, юбилей, корпоратив. Языки: русский. Продолжительность до 4 ч. Условная стоимость от 120000 ₸."
HK-S00114,Хару Фудзисаки,Ведущий церемонии,Алматы,False,True,180000,True,свадьба|той,русский,3,2026-09-23|2026-09-27|2026-09-29|2026-09-30|2026-10-02|2026-10-06|2026-10-09|2026-10-14|2026-10-15|2026-10-16|2026-10-18|2026-10-19|2026-10-20|2026-10-21|2026-10-22|2026-10-23|2026-10-24|2026-10-29|2026-10-30|2026-10-31|2026-11-02|2026-11-03|2026-11-05|2026-11-06|2026-11-07|2026-11-08|2026-11-13|2026-11-18|2026-11-20|2026-11-22|2026-11-23|2026-11-25|2026-11-26|2026-11-29|2026-12-08|2026-12-10|2026-12-11|2026-12-13|2026-12-14|2026-12-15|2026-12-16|2026-12-17|2026-12-18|2026-12-19|2026-12-20|2026-12-27|2026-12-29|2026-12-30,"Синтетический демонстрационный профиль: Хару Фудзисаки. Категория: Ведущий церемонии. Город: Алматы. Услуги: персональный сценарий и проведение церемонии. Форматы: свадьба, той. Языки: русский. Продолжительность до 3 ч. Условная стоимость от 180000 ₸."
HK-S00115,Рэн Фудзисаки,Инструменталист,Алматы,False,True,270000,True,той|юбилей|свадьба,русский,10,2026-09-25|2026-09-27|2026-09-29|2026-09-30|2026-10-03|2026-10-05|2026-10-06|2026-10-09|2026-10-12|2026-10-13|2026-10-14|2026-10-15|2026-10-16|2026-10-17|2026-10-20|2026-10-23|2026-10-25|2026-10-30|2026-11-02|2026-11-05|2026-11-11|2026-11-13|2026-11-18|2026-11-19|2026-11-20|2026-11-21|2026-11-22|2026-11-28|2026-11-29|2026-11-30|2026-12-01|2026-12-06|2026-12-11|2026-12-14|2026-12-15|2026-12-17|2026-12-18|2026-12-19|2026-12-21|2026-12-24|2026-12-26|2026-12-28|2026-12-29|2026-12-30,"Синтетический демонстрационный профиль: Рэн Фудзисаки. Категория: Инструменталист. Город: Алматы. Услуги: инструментальное сопровождение и музыка для welcome-зоны. Форматы: той, юбилей, свадьба. Языки: русский. Продолжительность до 10 ч. Условная стоимость от 270000 ₸."
HK-S00116,Юки Фудзисаки,Лайв-бэнд,Алматы,False,True,900000,True,свадьба|юбилей|день рождения,русский,4,2026-09-23|2026-09-26|2026-10-02|2026-10-04|2026-10-06|2026-10-09|2026-10-12|2026-10-14|2026-10-17|2026-10-19|2026-10-20|2026-10-21|2026-10-23|2026-10-25|2026-10-28|2026-10-29|2026-11-03|2026-11-04|2026-11-10|2026-11-12|2026-11-22|2026-11-24|2026-12-12|2026-12-13|2026-12-16|2026-12-18|2026-12-19|2026-12-25|2026-12-27|2026-12-29,"Синтетический демонстрационный профиль: Юки Фудзисаки. Категория: Лайв-бэнд. Город: Алматы. Услуги: живое исполнение ретро-хитов и современных композиций. Форматы: свадьба, юбилей, день рождения. Языки: русский. Продолжительность до 4 ч. Условная стоимость от 900000 ₸."
HK-S00117,Сора Фудзисаки,Национальный ансамбль,Алматы,False,True,320000,True,юбилей|той|свадьба,русский|казахский,4,2026-09-23|2026-09-27|2026-10-04|2026-10-06|2026-10-08|2026-10-09|2026-10-10|2026-10-11|2026-10-13|2026-10-16|2026-10-17|2026-10-20|2026-10-27|2026-11-01|2026-11-05|2026-11-06|2026-11-16|2026-11-19|2026-11-25|2026-11-28|2026-12-02|2026-12-08|2026-12-13|2026-12-14,"Синтетический демонстрационный профиль: Сора Фудзисаки. Категория: Национальный ансамбль. Город: Алматы. Услуги: традиционная музыка и национальная концертная программа. Форматы: юбилей, той, свадьба. Языки: русский, казахский. Продолжительность до 4 ч. Условная стоимость от 320000 ₸."
HK-S00118,Нао Фудзисаки,Танцевальный коллектив,Алматы,False,True,450000,True,корпоратив|свадьба|той,русский|казахский,4,2026-09-23|2026-09-26|2026-09-27|2026-09-28|2026-09-29|2026-09-30|2026-10-03|2026-10-05|2026-10-07|2026-10-09|2026-10-13|2026-10-14|2026-10-19|2026-10-20|2026-10-24|2026-10-25|2026-10-26|2026-11-03|2026-11-06|2026-11-09|2026-11-11|2026-11-13|2026-11-19|2026-11-20|2026-11-22|2026-11-23|2026-11-28|2026-11-30|2026-12-03|2026-12-04|2026-12-07|2026-12-10|2026-12-12|2026-12-13|2026-12-14|2026-12-17|2026-12-19|2026-12-22|2026-12-28|2026-12-30,"Синтетический демонстрационный профиль: Нао Фудзисаки. Категория: Танцевальный коллектив. Город: Алматы. Услуги: постановочные танцевальные номера и выход артистов. Форматы: корпоратив, свадьба, той. Языки: русский, казахский. Продолжительность до 4 ч. Условная стоимость от 450000 ₸."
HK-S00119,Рику Фудзисаки,Шоу-программа,Алматы,False,True,525000,True,той|юбилей|корпоратив,русский,6,2026-09-25|2026-09-28|2026-09-29|2026-09-30|2026-10-06|2026-10-09|2026-10-11|2026-10-14|2026-10-17|2026-10-18|2026-10-20|2026-10-22|2026-10-23|2026-10-25|2026-10-28|2026-10-29|2026-11-04|2026-11-13|2026-11-16|2026-11-17|2026-11-19|2026-11-21|2026-11-24|2026-12-01|2026-12-02|2026-12-03|2026-12-04|2026-12-10|2026-12-14|2026-12-16|2026-12-18|2026-12-20|2026-12-21|2026-12-27|2026-12-28|2026-12-29|2026-12-30,"Синтетический демонстрационный профиль: Рику Фудзисаки. Категория: Шоу-программа. Город: Алматы. Услуги: сценические номера и интерактивная программа. Форматы: той, юбилей, корпоратив. Языки: русский. Продолжительность до 6 ч. Условная стоимость от 525000 ₸."
HK-S00120,Мио Фудзисаки,Фото и видеобудки,Алматы,False,True,160000,True,корпоратив|конференция|свадьба,казахский|русский|английский,4,2026-09-26|2026-10-14|2026-10-19|2026-10-25|2026-10-28|2026-10-30|2026-11-03|2026-11-23|2026-11-25|2026-11-29|2026-12-01|2026-12-04|2026-12-09|2026-12-12|2026-12-13|2026-12-18|2026-12-20|2026-12-22|2026-12-24|2026-12-25|2026-12-28,"Синтетический демонстрационный профиль: Мио Фудзисаки. Категория: Фото и видеобудки. Город: Алматы. Услуги: интерактивная фотозона и выдача цифровых материалов. Форматы: корпоратив, конференция, свадьба. Языки: казахский, русский, английский. Продолжительность до 4 ч. Условная стоимость от 160000 ₸."
HK-S00121,Кэй Фудзисаки,Загородная площадка,Алматы,False,True,1500000,True,свадьба|день рождения|корпоратив,русский|казахский,8,2026-09-23|2026-09-24|2026-09-26|2026-09-28|2026-10-03|2026-10-06|2026-10-09|2026-10-12|2026-10-13|2026-10-14|2026-10-15|2026-10-16|2026-10-20|2026-10-21|2026-10-23|2026-10-26|2026-10-28|2026-10-29|2026-10-30|2026-10-31|2026-11-02|2026-11-10|2026-11-11|2026-11-12|2026-11-13|2026-11-16|2026-11-19|2026-11-20|2026-11-22|2026-11-25|2026-11-26|2026-11-29|2026-11-30|2026-12-01|2026-12-02|2026-12-03|2026-12-06|2026-12-11|2026-12-12|2026-12-13|2026-12-15|2026-12-17|2026-12-24|2026-12-25|2026-12-27|2026-12-29|2026-12-30,"Синтетический демонстрационный профиль: Кэй Фудзисаки. Категория: Загородная площадка. Город: Алматы. Услуги: пространство для выездного события и зона церемонии. Форматы: свадьба, день рождения, корпоратив. Языки: русский, казахский. Продолжительность до 8 ч. Условная стоимость от 1500000 ₸."
HK-S00122,Хината Фудзисаки,Отель,Алматы,False,True,2000000,True,конференция|свадьба|корпоратив,русский,8,2026-09-28|2026-09-29|2026-10-01|2026-10-03|2026-10-04|2026-10-09|2026-10-10|2026-10-12|2026-10-14|2026-10-18|2026-10-20|2026-10-21|2026-10-23|2026-10-26|2026-10-27|2026-10-29|2026-11-13|2026-11-17|2026-11-23|2026-11-24|2026-11-26|2026-12-04|2026-12-07|2026-12-11|2026-12-12|2026-12-15|2026-12-20|2026-12-21|2026-12-24|2026-12-27|2026-12-29,"Синтетический демонстрационный профиль: Хината Фудзисаки. Категория: Отель. Город: Алматы. Услуги: площадка для конференций и размещение участников. Форматы: конференция, свадьба, корпоратив. Языки: русский. Продолжительность до 8 ч. Условная стоимость от 2000000 ₸."
HK-S00123,Аой Фудзисаки,Диджей,Алматы,False,True,180000,True,свадьба|юбилей|корпоратив,русский,6,2026-09-24|2026-09-26|2026-09-27|2026-10-08|2026-10-09|2026-10-13|2026-10-14|2026-10-15|2026-10-18|2026-10-19|2026-10-21|2026-10-22|2026-10-27|2026-10-28|2026-10-31|2026-11-01|2026-11-02|2026-11-04|2026-11-05|2026-11-06|2026-11-08|2026-11-09|2026-11-12|2026-11-13|2026-11-15|2026-11-17|2026-11-20|2026-11-21|2026-11-22|2026-11-24|2026-11-25|2026-11-26|2026-11-27|2026-11-28|2026-11-30|2026-12-02|2026-12-03|2026-12-04|2026-12-09|2026-12-10|2026-12-11|2026-12-12|2026-12-13|2026-12-20|2026-12-24|2026-12-26|2026-12-27|2026-12-28|2026-12-31,"Синтетический демонстрационный профиль: Аой Фудзисаки. Категория: Диджей. Город: Алматы. Услуги: музыкальный сет и согласование плейлиста. Форматы: свадьба, юбилей, корпоратив. Языки: русский. Продолжительность до 6 ч. Условная стоимость от 180000 ₸."
HK-S00124,Рэй Фудзисаки,Вокалист,Алматы,False,True,240000,True,корпоратив|той|свадьба,русский|казахский,6,2026-09-28|2026-10-01|2026-10-03|2026-10-05|2026-10-08|2026-10-09|2026-10-10|2026-10-11|2026-10-12|2026-10-13|2026-10-14|2026-10-18|2026-10-19|2026-10-21|2026-10-22|2026-10-25|2026-11-01|2026-11-03|2026-11-04|2026-11-05|2026-11-11|2026-11-12|2026-11-13|2026-11-15|2026-11-16|2026-11-18|2026-11-21|2026-11-22|2026-11-23|2026-11-24|2026-11-26|2026-11-27|2026-12-01|2026-12-02|2026-12-04|2026-12-06|2026-12-09|2026-12-12|2026-12-14|2026-12-15|2026-12-17|2026-12-21|2026-12-23|2026-12-25|2026-12-29,"Синтетический демонстрационный профиль: Рэй Фудзисаки. Категория: Вокалист. Город: Алматы. Услуги: сольный вокал и подбор репертуара под аудиторию. Форматы: корпоратив, той, свадьба. Языки: русский, казахский. Продолжительность до 6 ч. Условная стоимость от 240000 ₸."
HK-S00125,Юна Фудзисаки,Кейтеринг,Алматы,False,True,600000,True,юбилей|корпоратив|конференция,казахский|русский|английский,4,2026-09-27|2026-10-02|2026-10-06|2026-10-09|2026-10-10|2026-10-15|2026-10-18|2026-10-29|2026-10-30|2026-10-31|2026-11-07|2026-11-12|2026-11-13|2026-11-15|2026-11-22|2026-11-24|2026-11-25|2026-11-26|2026-11-28|2026-11-29|2026-11-30|2026-12-03|2026-12-07|2026-12-09|2026-12-10|2026-12-22|2026-12-25|2026-12-26|2026-12-29,"Синтетический демонстрационный профиль: Юна Фудзисаки. Категория: Кейтеринг. Город: Алматы. Услуги: выездное питание, фуршет и обслуживание гостей. Форматы: юбилей, корпоратив, конференция. Языки: казахский, русский, английский. Продолжительность до 4 ч. Условная стоимость от 600000 ₸."
HK-S00126,Кай Фудзисаки,Кондитер,Алматы,False,True,145000,True,день рождения|корпоратив|той,казахский|русский|английский,8,2026-09-24|2026-09-27|2026-09-28|2026-09-30|2026-10-02|2026-10-05|2026-10-06|2026-10-09|2026-10-10|2026-10-12|2026-10-14|2026-10-20|2026-10-21|2026-10-22|2026-10-23|2026-10-27|2026-10-28|2026-10-29|2026-11-02|2026-11-04|2026-11-12|2026-11-13|2026-11-14|2026-11-15|2026-11-17|2026-11-20|2026-11-24|2026-11-25|2026-11-27|2026-11-29|2026-12-04|2026-12-06|2026-12-08|2026-12-09|2026-12-11|2026-12-12|2026-12-13|2026-12-19|2026-12-20|2026-12-21|2026-12-22|2026-12-24|2026-12-25|2026-12-29|2026-12-30,"Синтетический демонстрационный профиль: Кай Фудзисаки. Категория: Кондитер. Город: Алматы. Услуги: праздничный торт и десертный стол. Форматы: день рождения, корпоратив, той. Языки: казахский, русский, английский. Продолжительность до 8 ч. Условная стоимость от 145000 ₸."
HK-S00127,Акира Кирисима,Визажист,Алматы,False,True,35000,True,той|день рождения|свадьба,казахский|русский|английский,3,2026-09-27|2026-09-29|2026-09-30|2026-10-01|2026-10-05|2026-10-07|2026-10-09|2026-10-10|2026-10-14|2026-10-15|2026-10-16|2026-10-22|2026-10-23|2026-10-28|2026-10-29|2026-10-31|2026-11-01|2026-11-13|2026-11-16|2026-11-23|2026-11-26|2026-11-28|2026-11-29|2026-12-01|2026-12-04|2026-12-08|2026-12-09|2026-12-10|2026-12-14|2026-12-16|2026-12-17|2026-12-18|2026-12-20|2026-12-22|2026-12-24|2026-12-25|2026-12-27|2026-12-28|2026-12-30,"Синтетический демонстрационный профиль: Акира Кирисима. Категория: Визажист. Город: Алматы. Услуги: праздничный макияж и подготовка образа. Форматы: той, день рождения, свадьба. Языки: казахский, русский, английский. Продолжительность до 3 ч. Условная стоимость от 35000 ₸."
HK-S00128,Хару Кирисима,Стилист по причёскам,Алматы,False,True,50000,True,день рождения|той|свадьба,русский|казахский,2,2026-09-24|2026-09-25|2026-09-27|2026-09-29|2026-09-30|2026-10-13|2026-10-16|2026-10-19|2026-11-08|2026-11-09|2026-11-10|2026-11-11|2026-11-20|2026-11-26|2026-11-28|2026-12-01|2026-12-03|2026-12-06|2026-12-09|2026-12-11|2026-12-15|2026-12-18|2026-12-20|2026-12-27,"Синтетический демонстрационный профиль: Хару Кирисима. Категория: Стилист по причёскам. Город: Алматы. Услуги: укладка и праздничная причёска. Форматы: день рождения, той, свадьба. Языки: русский, казахский. Продолжительность до 2 ч. Условная стоимость от 50000 ₸."
HK-S00129,Рэн Кирисима,Звукорежиссёр,Алматы,False,True,180000,True,свадьба|юбилей|конференция,русский,4,2026-09-23|2026-09-24|2026-10-02|2026-10-04|2026-10-05|2026-10-07|2026-10-08|2026-10-10|2026-10-11|2026-10-12|2026-10-14|2026-10-15|2026-10-16|2026-10-17|2026-10-18|2026-10-20|2026-10-21|2026-10-26|2026-10-28|2026-10-30|2026-10-31|2026-11-01|2026-11-03|2026-11-05|2026-11-07|2026-11-08|2026-11-09|2026-11-13|2026-11-14|2026-11-16|2026-11-18|2026-11-23|2026-11-25|2026-11-26|2026-11-27|2026-11-30|2026-12-01|2026-12-05|2026-12-07|2026-12-11|2026-12-13|2026-12-18|2026-12-20|2026-12-23|2026-12-25|2026-12-26|2026-12-27|2026-12-30|2026-12-31,"Синтетический демонстрационный профиль: Рэн Кирисима. Категория: Звукорежиссёр. Город: Алматы. Услуги: настройка звука, саундчек и сопровождение выступлений. Форматы: свадьба, юбилей, конференция. Языки: русский. Продолжительность до 4 ч. Условная стоимость от 180000 ₸."
HK-S00130,Юки Кирисима,Световое оборудование,Алматы,False,True,450000,True,юбилей|свадьба|корпоратив,русский|казахский,8,2026-09-23|2026-09-27|2026-09-28|2026-09-29|2026-09-30|2026-10-01|2026-10-11|2026-10-13|2026-10-14|2026-10-15|2026-10-16|2026-10-19|2026-10-20|2026-10-21|2026-10-25|2026-10-27|2026-10-31|2026-11-01|2026-11-02|2026-11-04|2026-11-05|2026-11-07|2026-11-08|2026-11-09|2026-11-10|2026-11-12|2026-11-14|2026-11-16|2026-11-20|2026-11-28|2026-11-30|2026-12-01|2026-12-02|2026-12-03|2026-12-05|2026-12-07|2026-12-09|2026-12-12|2026-12-15|2026-12-18|2026-12-21|2026-12-22|2026-12-25|2026-12-29|2026-12-30,"Синтетический демонстрационный профиль: Юки Кирисима. Категория: Световое оборудование. Город: Алматы. Услуги: аренда света, монтаж и световое сопровождение. Форматы: юбилей, свадьба, корпоратив. Языки: русский, казахский. Продолжительность до 8 ч. Условная стоимость от 450000 ₸."
HK-S00131,Сора Кирисима,Аниматор,Алматы,False,True,120000,True,той|свадьба|день рождения,казахский|русский|английский,4,2026-09-24|2026-09-29|2026-09-30|2026-10-08|2026-10-09|2026-10-10|2026-10-11|2026-10-17|2026-10-18|2026-10-19|2026-10-20|2026-10-21|2026-10-22|2026-10-24|2026-10-25|2026-10-27|2026-10-29|2026-11-04|2026-11-05|2026-11-06|2026-11-08|2026-11-12|2026-11-13|2026-11-14|2026-11-16|2026-11-19|2026-11-23|2026-11-25|2026-11-26|2026-11-27|2026-11-28|2026-11-29|2026-11-30|2026-12-01|2026-12-02|2026-12-04|2026-12-06|2026-12-11|2026-12-16|2026-12-18|2026-12-19|2026-12-20|2026-12-23|2026-12-24|2026-12-25|2026-12-26|2026-12-29|2026-12-30|2026-12-31,"Синтетический демонстрационный профиль: Сора Кирисима. Категория: Аниматор. Город: Алматы. Услуги: игры и интерактивная программа для детей. Форматы: той, свадьба, день рождения. Языки: казахский, русский, английский. Продолжительность до 4 ч. Условная стоимость от 120000 ₸."
HK-S00132,Нао Кирисима,Иллюзионист,Алматы,False,True,200000,True,юбилей|день рождения|свадьба,казахский|русский|английский,2,2026-09-23|2026-09-27|2026-09-29|2026-10-10|2026-10-12|2026-10-16|2026-10-19|2026-10-20|2026-10-23|2026-10-24|2026-10-26|2026-10-27|2026-11-03|2026-11-04|2026-11-07|2026-11-11|2026-11-12|2026-11-17|2026-11-20|2026-11-23|2026-11-28|2026-12-01|2026-12-05|2026-12-07|2026-12-08|2026-12-14|2026-12-20|2026-12-27|2026-12-29|2026-12-30,"Синтетический демонстрационный профиль: Нао Кирисима. Категория: Иллюзионист. Город: Алматы. Услуги: сценические иллюзии и микромагия для гостей. Форматы: юбилей, день рождения, свадьба. Языки: казахский, русский, английский. Продолжительность до 2 ч. Условная стоимость от 200000 ₸."
HK-S00133,Рику Кирисима,Координатор мероприятия,Алматы,False,True,225000,True,корпоратив|свадьба|юбилей,казахский|русский|английский,4,2026-09-30|2026-10-02|2026-10-07|2026-10-09|2026-10-23|2026-10-27|2026-10-28|2026-11-03|2026-11-05|2026-11-10|2026-11-24|2026-12-05|2026-12-07|2026-12-09|2026-12-12|2026-12-18|2026-12-22|2026-12-25|2026-12-28|2026-12-30,"Синтетический демонстрационный профиль: Рику Кирисима. Категория: Координатор мероприятия. Город: Алматы. Услуги: контроль тайминга и координация подрядчиков. Форматы: корпоратив, свадьба, юбилей. Языки: казахский, русский, английский. Продолжительность до 4 ч. Условная стоимость от 225000 ₸."
HK-S00134,Мио Кирисима,Транспорт для мероприятий,Алматы,False,True,200000,True,корпоратив|конференция|свадьба,русский,8,2026-09-23|2026-09-27|2026-09-28|2026-09-30|2026-10-03|2026-10-08|2026-10-09|2026-10-12|2026-10-13|2026-10-17|2026-10-19|2026-10-20|2026-10-29|2026-11-02|2026-11-11|2026-11-24|2026-11-25|2026-12-03|2026-12-11|2026-12-19|2026-12-24,"Синтетический демонстрационный профиль: Мио Кирисима. Категория: Транспорт для мероприятий. Город: Алматы. Услуги: организация трансфера гостей и маршрутов. Форматы: корпоратив, конференция, свадьба. Языки: русский. Продолжительность до 8 ч. Условная стоимость от 200000 ₸."
